input_jar	sha256
jdk23/debug/input/ArrayRawParam.jar	d2f7e5d405c2a2bf8715ae14b7c38b471d1ece6dd91c06ed65d064bd56e96b61
jdk23/debug/input/BoundRawParam.jar	5bfe8232bceaf07b23ddde22407b8db1cea23928ce2ba7f30d69e62830c488ab
jdk23/debug/input/DirectInstanceRawParam.jar	47e134a94d6f35dd102dab7636696c2ea09fa93e36332b1533deea4a1179b6a2
jdk23/debug/input/InstanceRawLocal.jar	61df3c841268b66622400f86aa1fd8d4e7ab0a01eb0c5ef14a93e8120a998fe0
jdk23/debug/input/MultiFormalRawParam.jar	3f06dd124e75e4ac43c4943f4602d37da1812f208b4ca35c7e8b7c50e0e3828e
jdk23/debug/input/NullRawParam.jar	e6cd3b31dac7ba7065fe75c91fd19c6bd6ddce7f0608fcbe4604ebcb93ce4840
jdk23/debug/input/RawOwnerChild.jar	ae3a9ca315b0650f8efe4c01c765bd222d125aba4cf0c1efb1da2f3dc8645682
jdk23/debug/input/RawParam.jar	42a11b9938f9af82dae64d7a628bd0f73974df2ed8e722f9ec066c15511bf19c
jdk23/debug/input/RetainedAliasRawParam.jar	03740d4e575beac8bda6a7e8b23fa026885d459d2e976e7fd2b16172b2149dc7
jdk23/debug/input/ShadowMethodT.jar	36f472287d7fe6a58c7cf73ae4e94c86931159bc339da463cdb2d1484798c8a0
jdk23/debug/input/StaticRawLocal.jar	29a8a42bc2f2be7ea1bdb8309f764d3abc847ea8c1c4a1a87fdb829a535774d8
jdk23/debug/input/ThisReceiver.jar	6bea3b8ccf4ff01e2c72ba456b7943dbcbb3b4e25088dbcc4e41f2a6b2b85567
jdk23/debug/input/TypedReceiver.jar	dca7c8f9fe53c3998515124df0450f0250d953b824c56a2239a7fc29b6754543
jdk23/debug/input/WideRawParam.jar	0012879b775e290c899c33839a114ae80a519a45e853c87ebf9ff049f3d57114
jdk23/no-debug/input/ArrayRawParam.jar	ee4eed69f0a0826271e603faf2f53049d55a3455a4db988feaa53dccd780d4d9
jdk23/no-debug/input/BoundRawParam.jar	dd5e996f4465836875534fae7ca92c04bb101be744ffdfe02910c0632c57ccbb
jdk23/no-debug/input/DirectInstanceRawParam.jar	b9e9589e7f918f1ce7fc955191117f1ff39f7a700f0068443f9a4198ff250c62
jdk23/no-debug/input/InstanceRawLocal.jar	e51a2137b0d1aaf143428e4511e69edf84f58f1354143597068ceb8151f0b5d9
jdk23/no-debug/input/MultiFormalRawParam.jar	4ddf7a0122cc541d040183955d91b7db3dd262bdf033e572817be349d46ebe7a
jdk23/no-debug/input/NullRawParam.jar	bebbc44cb4d8ee4906add5ca3e8f7c4c1a3fb99f33b95001fbdd94f764a5b432
jdk23/no-debug/input/RawOwnerChild.jar	e64d82dd18c5f1657e970486d76b74a9514cbac5eb4424fb10c3011a530e3c51
jdk23/no-debug/input/RawParam.jar	336edb21f0d2b04b0ede8b0252bf1447df18ca83a41613f94e639bf889af07f6
jdk23/no-debug/input/RetainedAliasRawParam.jar	1ffe65d5d26605a7a2f9c52b9c16496bb5f67cf1e9edbd80a65e256a6d7ac707
jdk23/no-debug/input/ShadowMethodT.jar	ef5d5f559281aa679798f3ac78053aa76f8e63716ed6579b8e0bf60e3451eb5b
jdk23/no-debug/input/StaticRawLocal.jar	9e760a11bed2e671132d947da5c0d5694e958745d6bb39d2bc8c349eb452fe28
jdk23/no-debug/input/ThisReceiver.jar	d2f09d1ee0e45eb28e2684388c057ce45d63cb87b09533c45c9bdd471bc360dc
jdk23/no-debug/input/TypedReceiver.jar	38bbedc216a80690cd1e70afc91ffcb4db81231401fc0b59ff8a4c81be05834c
jdk23/no-debug/input/WideRawParam.jar	c0791c1c89a5d28b92840756b55bf69afb59cbda05975bed1fddb7c888463528
jdk8/debug/input/ArrayRawParam.jar	968b7adc2d0b86ee36c68b66762fff9310ac9f10c246fa2d4783a1e2fb413776
jdk8/debug/input/BoundRawParam.jar	231be91145dd7bb0a3bcdf2d06eecfe9a63b5c205828b97d20c13375cd27083a
jdk8/debug/input/DirectInstanceRawParam.jar	7542690337d414bddfe6cb7cc87ece53c182d339c5f8f787de466e9d0002d970
jdk8/debug/input/InstanceRawLocal.jar	12922e688432df06cee044161c855a54fde84898b9cad9935af60cdf08d43a32
jdk8/debug/input/MultiFormalRawParam.jar	8a7a66a3c50c2f8d12271af5c0482bbc471372472dd31cc7a311c6c3905b94b7
jdk8/debug/input/NullRawParam.jar	d1ac257e69879cf5ff0f370526229b823be3d1b5cf22ed65841e758e02b98db6
jdk8/debug/input/RawOwnerChild.jar	ededf36f5a6c0eef71a07d657ec361d05bbc10e840172551618a227dc67c7f05
jdk8/debug/input/RawParam.jar	d9d52e72db9ddd847bef8380652b42ff156daed0804c928fe41fc9a57944d0aa
jdk8/debug/input/RetainedAliasRawParam.jar	cfec5476df2b13ff6dd7ed5a0289cbf9564265f4da190de68ccee87f68405b5e
jdk8/debug/input/ShadowMethodT.jar	e6efb6251d866db61c0af9db6dbedc2951c7c3900715f255a4259de0258b1029
jdk8/debug/input/StaticRawLocal.jar	7c3a4729303ab2be5edadd5d43c6c6e27d52d55e8abaa1076d3e8cb8d90b619c
jdk8/debug/input/ThisReceiver.jar	ace6321786ec3f059fdcf9074e913fc70d9579dd7eb2950e2680ac6df508aa83
jdk8/debug/input/TypedReceiver.jar	55a68fc8f2693acd2785d8a1629ef56806cb4e7ef0a1dc285ea50885d6cdc99f
jdk8/debug/input/WideRawParam.jar	586757ec337a3cbe0ad7e6e7a7ea422959d5000260710bf9aa2fe75cabba1a5f
jdk8/no-debug/input/ArrayRawParam.jar	5866233cd8b8978af4c5bda7a6f4af05874fb170b3badcc2a2159bb87181d6f0
jdk8/no-debug/input/BoundRawParam.jar	ef39c087461ef66e101adb8bbf10f1cc0ea801c4d13fa7ceac1a466fcff39539
jdk8/no-debug/input/DirectInstanceRawParam.jar	a38fbda3d735ee397af879ecf03c35d52b1d7b7d7cbcfbfe10864616b2fd780f
jdk8/no-debug/input/InstanceRawLocal.jar	c131ecde6a9fa8cd4a95dfc0fb11df5cc2bb35102d5e553f9e230e79dc036e49
jdk8/no-debug/input/MultiFormalRawParam.jar	023971ab43b471d6b8065ce0bedcb25451a92127c8f5d946cbb339110c8e13d5
jdk8/no-debug/input/NullRawParam.jar	533af07481b31517cb8d412d65921b0f39029ac3789fa2078007f63d3c28ac43
jdk8/no-debug/input/RawOwnerChild.jar	c399e5654e8e518c750165e8da45de47eae105558f03d3653e963a7dda82da5c
jdk8/no-debug/input/RawParam.jar	b6e4be270fd569e6501e67b23b9d8cbe60fa79eb94ec5abf5503d5a10efabd51
jdk8/no-debug/input/RetainedAliasRawParam.jar	a253579b84e141a62b4ddbbcc2e98eb4341190349b7b2ce14cacc796c2b33c55
jdk8/no-debug/input/ShadowMethodT.jar	35810cd65e0df83eef400663402bfe26a2b9d6c0e228797b2d494c843b749b71
jdk8/no-debug/input/StaticRawLocal.jar	afc3d85cddd22b6fda421be74ea54a550678ffbe93f29f4755323dd2a44eef81
jdk8/no-debug/input/ThisReceiver.jar	90697dcf25283906de27bfeaedaf26bff4ab6a58e68012307abba260d6fe86fa
jdk8/no-debug/input/TypedReceiver.jar	9d8b9a64b0483480d56a87952664092a905178bae6760b50c1d612c324d6e3f3
jdk8/no-debug/input/WideRawParam.jar	e34fd8e28698ca582769d4c4583da7915f6c43eed2a0413fa29fc30861c07ce2
