path	bytes	sha256
commands.tsv	335819	72360b78f2c59efa3349dd994a0f2b355d2142854475ff2509a758e9144a4bb3
failures/jdk23/debug/InstanceRawLocal/jadx-javac.stderr.txt	661	9376e8db41ac32e5de8e14c82a8eb5475033c4075a877bdf64bef0ece0cd578e
failures/jdk23/no-debug/InstanceRawLocal/jadx-javac.stderr.txt	664	1c8adb8b2fdb73e429bd45a8d8de999bbee5f5b52b91ac01c62ea73667656ae9
failures/jdk8/debug/InstanceRawLocal/jadx-javac.stderr.txt	417	6674f695402d222a4b408c7b67235d346a17f764e64ed9c0a5dc1127077a699d
failures/jdk8/no-debug/InstanceRawLocal/jadx-javac.stderr.txt	420	27381737f53649d267027afdbf7e99fa02b754b4e8a16b0320c1c9121c1733fd
jdk23/debug/jadx/Array2DRawParam/sources/defpackage/Array2DRawParam.java	323	d9af1990c95193456c46473f31939177a2632e34152dde0ed791caf10ac40d27
jdk23/debug/jadx/ArrayRawParam/sources/defpackage/ArrayRawParam.java	313	b9356814382670f5cc31457caf107ca11a4836ca88b6a2964a73120afa021457
jdk23/debug/jadx/BoundRawParam/sources/defpackage/BoundRawParam.java	395	4545a9f6e22269ff21bcac1e1abc69f7f9186d982c4c395eb5c10471783b9eda
jdk23/debug/jadx/DirectInstanceRawParam/sources/defpackage/DirectInstanceRawParam.java	332	d5a81d1a0941226f34e220c355943cd81eace76a7f72ab9c0a07e079166af029
jdk23/debug/jadx/InstanceRawLocal/sources/defpackage/InstanceRawLocal.java	277	183a867140d3ec0d651f1c6024251ab3805b4a7cb5736eab8893104121ed39df
jdk23/debug/jadx/MultiFormalRawParam/sources/defpackage/MultiFormalRawParam.java	362	46dff0ad150401facc3becf5fa2e92685a87d46f2c9b537e02a20af4e0da4072
jdk23/debug/jadx/NullRawParam/sources/defpackage/NullRawParam.java	230	2497fde8c7696cef28caddbb5432e9775944289511bd27767183fd2665087b19
jdk23/debug/jadx/PrimitiveArrayRawParam/sources/defpackage/PrimitiveArrayRawParam.java	340	6e080e95264345c55088fab59d326568454b5c431b3bd4674254c4c3f7931b0b
jdk23/debug/jadx/RawOwnerChild/sources/defpackage/RawOwnerBase.java	141	a4256e0b800f68dffd6124722d909d24bb9958b2d27d0668e20575fd05ead39d
jdk23/debug/jadx/RawOwnerChild/sources/defpackage/RawOwnerChild.java	306	ea53cd737a4ca1e297f8ae71a5ed156924a2cf3ad7c61206b43694e7cb016fde
jdk23/debug/jadx/RawParam/sources/defpackage/RawParam.java	283	a36e1bd1ec630ddccadc5178ea2ef1483d9b784fef412784d34d672f34d9c855
jdk23/debug/jadx/RetainedAliasRawParam/sources/defpackage/RetainedAliasRawParam.java	362	0d8c28f014d9873131e2277ec147645b4f2e8f88f10d96ebafa1ca68ec7519a9
jdk23/debug/jadx/ShadowMethodT/sources/defpackage/ShadowMethodT.java	332	e638423e067858654f869a3c38d7f38daf64e4a0855011122ace6be028722f99
jdk23/debug/jadx/StaticRawLocal/sources/defpackage/StaticRawLocal.java	307	0875242685024debb56daf13e862932967d9e7c860f92e7b89c872dc99a16be8
jdk23/debug/jadx/ThisReceiver/sources/defpackage/ThisReceiver.java	206	908f8f9ccda887868f6a515f1942aed41297b5a73a55e0a062da8faeca7b049f
jdk23/debug/jadx/TypedReceiver/sources/defpackage/TypedReceiver.java	305	f6885117b5b3c43020e4cede27dbe323b9d8ef2900b0d386adc3a22e1abcc97f
jdk23/debug/jadx/WideRawParam/sources/defpackage/WideRawParam.java	327	1b5390662572c65827dc2e38557a649a6c3f92cb2c6813556092327e680a54fd
jdk23/debug/jarde/Array2DRawParam.java	1303	d4ba813f6f198eed97a53a5c193bca2f69698ce49b7a93aa69e279e7c27acb62
jdk23/debug/jarde/Array2DRawParam.stderr.txt	44818	d79a62aa741d7a5f83239dcb5879fadb9208caa668b42c6ea6079cdc842d84db
jdk23/debug/jarde/ArrayRawParam.java	1283	c8c72849f11741a77f70b21b0436745c69e7f2e9d60ae7c7724adfd147a8faab
jdk23/debug/jarde/ArrayRawParam.stderr.txt	44607	b06ec6ab48aaad86789186a5ec2536c603ab41f46a4ce2e3cfd5e39d8d72f189
jdk23/debug/jarde/BoundRawParam.java	1355	6780b9df7fd79af1b6d8e0acb289d0257a77eaa548101c8cfe3fdc3911d66eac
jdk23/debug/jarde/BoundRawParam.stderr.txt	44744	ea6227671d8111cc190d2b000ffc12b3622edbdf853eb19d5fe8dabf020c5fb7
jdk23/debug/jarde/DirectInstanceRawParam.java	1344	66882766f2731a7d18b72428b8ad38d8f2bd8e0183b4bf42ab71e0a8bcb56671
jdk23/debug/jarde/DirectInstanceRawParam.stderr.txt	45501	eef0b5ad7dbea9c32dae10af3f6707f195612c4d7d6e38d0acd8c2f22ddee01f
jdk23/debug/jarde/InstanceRawLocal.java	1341	5739eae80933689e02968db38be749560fea18f7852efc7071bc402ac1657445
jdk23/debug/jarde/InstanceRawLocal.stderr.txt	44329	020b941589ea24269019fa52a650a7561861aab50628ed0b47775abb1d9d0a8a
jdk23/debug/jarde/MultiFormalRawParam.java	1698	f619dc6de622abbbb601490c87b29154ed05f1dc9da16fd08f994de9faa1e729
jdk23/debug/jarde/MultiFormalRawParam.stderr.txt	52347	f27f35de8c2e5655565a7ba211615860f2168163b5ee01b6c39cd54ef2b3c8bc
jdk23/debug/jarde/NullRawParam.java	1207	f60daa335370ba4b9535a79d8a6039e957fde7f7fbf1179b722b7dff8c1bb168
jdk23/debug/jarde/NullRawParam.stderr.txt	43830	9f6f10e7d62e1671402e4260d9f0e00d6209b3affdb5be0af8f2c2ffefe9eecb
jdk23/debug/jarde/PrimitiveArrayRawParam.java	1305	ca19f53923fbfb66917c75ea83f0d5053343cf8c6aa62b562778ef54d5028a26
jdk23/debug/jarde/PrimitiveArrayRawParam.stderr.txt	45004	2b4b5266e87009f0f9cface7735ea2240d9a373178fddfa64859d0fcf0fae9b0
jdk23/debug/jarde/RawOwnerBase.java	888	f400195673e17b46cfe5e1ecf2dfa6ad1e569fc2a83c23d92202a00ba21aba24
jdk23/debug/jarde/RawOwnerBase.stderr.txt	24645	44dc53cd91949397e5d08cea031064cfdf6e94b0071853135b4d9c47cbf8b2a8
jdk23/debug/jarde/RawOwnerChild.java	1243	85654234ed265aea8c2af90fe4353ca2be2b352c36d98476b0f89a9661e064cd
jdk23/debug/jarde/RawOwnerChild.stderr.txt	42674	82adde098a7f9e5f18a5a4021a4b661e945ae46e00ce2963c54dc6424665f12f
jdk23/debug/jarde/RawParam.java	1236	e086985b6879bfbebb341e501fb7f963bc33d5623ac87904b40e011163135e9b
jdk23/debug/jarde/RawParam.stderr.txt	44044	9ac190bce158cc829328adf2d9e5f3ee9490b5e8fda02b5b2eccdaf3c6759a31
jdk23/debug/jarde/RetainedAliasRawParam.java	1437	67c03164c7f4c286881d760c247bdc8ed73c851a4377db2751830cc607eb3f89
jdk23/debug/jarde/RetainedAliasRawParam.stderr.txt	52000	4187a4b48f6213cf9a96c2151798cd01be09124fa7f0a232fbfe30b9b7f5098b
jdk23/debug/jarde/ShadowMethodT.java	2054	b6d351665b1a03c8f6b0bfadfbb2dc22c1ab88457700d15dc23ffdd9d8ec560e
jdk23/debug/jarde/ShadowMethodT.stderr.txt	48417	83d0d341ed021437e060c12e0e557e868a09fea0209b0311e8b8e2ed7c0cf505
jdk23/debug/jarde/StaticRawLocal.java	1322	9ec274de3d0847441e7de73ff79a6d027179b6c14306c18643ee8e2346b54332
jdk23/debug/jarde/StaticRawLocal.stderr.txt	48430	0478a4add4c6702a7ea5d757be38e9ab809f3a3be79a12e9913d56a877623bf1
jdk23/debug/jarde/ThisReceiver.java	1330	a97d2cf3fb8ae606b390fe7a96386fb611ca686a76a5a25889978f7e8fc03c52
jdk23/debug/jarde/ThisReceiver.stderr.txt	44239	da36c9a5bfff53447008f208e4635fe8b3df6a49fb14ffaf6ff1b0dc3f4ede58
jdk23/debug/jarde/TypedReceiver.java	1812	bdf8ee04b0e67af0e95616b5995872c1accab0101131b4987ca1cfa4bc6d46f0
jdk23/debug/jarde/TypedReceiver.stderr.txt	47755	1e971693f706c67875a3fa5d9458d4a2921ff5e4b2e9a684e1d0cafad1d2ac9d
jdk23/debug/jarde/WideRawParam.java	1300	a8c2366e3a709f7941c00dff72d5921e0b3e9772cd7195d3caf1094bb0a95be9
jdk23/debug/jarde/WideRawParam.stderr.txt	44598	57178e28d4ee39b6677272c9a4066a2c209423f5c0e811bad88a71deb5166c0c
jdk23/debug/javap/Array2DRawParam.txt	3472	d3e7d59ed9de6427484423766e890742100e50539680c5500ba76a78e978aee4
jdk23/debug/javap/ArrayRawParam.txt	3381	545cc0ed9cd4ee5a3dfd9cd36bc2ea9f99b43a4f296001fa1ba87c4e70461483
jdk23/debug/javap/BoundRawParam.txt	3449	a9cc48530178948b0ef2522222ee87f6fa4b18a9562c438d23c2d4df0f163cec
jdk23/debug/javap/DirectInstanceRawParam.txt	3722	dae6436bf67ca48a6be069fb2a99259f629e616df93c99788d6e280e92c7e1a0
jdk23/debug/javap/InstanceRawLocal.txt	3559	61694ae4173e5acf45257dc21e14f18369f88e8d6174cfecd499bb58b4716a5b
jdk23/debug/javap/MultiFormalRawParam.txt	4333	c0f896241d7a15ce2877ce98de100e669f49b4bece1511ba65c16a2fa4ce30e8
jdk23/debug/javap/NullRawParam.txt	3243	24639551a84c9f092e03155ca19a00ce4785ab1a0c04ee008338724e5e688749
jdk23/debug/javap/PrimitiveArrayRawParam.txt	3509	0c5e9afe111852818d0ec9547e756192d3bc649e63e7c30af4a83cd8c15c5a88
jdk23/debug/javap/RawOwnerChild.txt	3181	0132462da1080853f38ff9c046056abc9d806c2dcc4f0512ee12bbb1c19261fa
jdk23/debug/javap/RawParam.txt	3254	643f960b952233003d168002eff538f1174de04eaf360b4fed0e1bf87c87fc49
jdk23/debug/javap/RetainedAliasRawParam.txt	3738	52f1a5e1188002499119033efef31c9651210558f5418d43808f7d80148d4ac7
jdk23/debug/javap/ShadowMethodT.txt	4041	62ec7dca1ba288360e9cdb3dee7d6fa51bae38174902fd3bf4b25b89706bdbab
jdk23/debug/javap/StaticRawLocal.txt	3495	3c02dbbd54549b6584dcc4fda9101a47af57af55262067b96d7fcc0a3d769992
jdk23/debug/javap/ThisReceiver.txt	3475	343a15458cd6d05d7e7f5ffc955904a3cb22e08e6a218bac9f67c26aff810430
jdk23/debug/javap/TypedReceiver.txt	4061	644a2c56d254b7f5fa9ba80670e3d02a9669e01d27ed79af9f3eb1678495a307
jdk23/debug/javap/WideRawParam.txt	3578	32e088383eb2592a9d7024fdad617672d9dd852f63dc5c9f6c519674a14fbf1a
jdk23/debug/runtime/Array2DRawParam.jadx.txt	757	8a25af8b8504893fffac8c1872e3c93e85925b6aa0b3d9ff5f62750cee2ba267
jdk23/debug/runtime/Array2DRawParam.jarde.txt	691	f48a2d307b1f6c7abb8d91e7a8ed8a5ccc87d07c1114588c08ddfb0808240329
jdk23/debug/runtime/Array2DRawParam.original.txt	691	f48a2d307b1f6c7abb8d91e7a8ed8a5ccc87d07c1114588c08ddfb0808240329
jdk23/debug/runtime/ArrayRawParam.jadx.txt	740	65890eea8fe7c3065fbc2f644c7253d5354fdffeba56efc1a47107d7914063b6
jdk23/debug/runtime/ArrayRawParam.jarde.txt	674	d51f3b7d45328701a337bb2285770bcd1cf8f2179c66734c318010571e65ac8b
jdk23/debug/runtime/ArrayRawParam.original.txt	674	d51f3b7d45328701a337bb2285770bcd1cf8f2179c66734c318010571e65ac8b
jdk23/debug/runtime/BoundRawParam.jadx.txt	817	bdeb71e6ccb9da375831745c55c6fa5137fd29b7007948eecaea74516d6991ca
jdk23/debug/runtime/BoundRawParam.jarde.txt	740	0c5cb2a465e5db671d09e57d82dc7d2279cee6ef898da3154a4cac90f5c80de8
jdk23/debug/runtime/BoundRawParam.original.txt	740	0c5cb2a465e5db671d09e57d82dc7d2279cee6ef898da3154a4cac90f5c80de8
jdk23/debug/runtime/DirectInstanceRawParam.jadx.txt	777	b3cda9506188b60dd9d215bc5efd1dafb315f344e7cea3910361ebe407f0cc9b
jdk23/debug/runtime/DirectInstanceRawParam.jarde.txt	711	9358c79b8f63417a168963e9dc02e1e1359ee5bda8614638bec755f01d5683be
jdk23/debug/runtime/DirectInstanceRawParam.original.txt	711	9358c79b8f63417a168963e9dc02e1e1359ee5bda8614638bec755f01d5683be
jdk23/debug/runtime/InstanceRawLocal.jarde.txt	594	c4a0fd4eb5e838df4c7116cc09d11740387e51309b8dd9c85cb1eac73adb9692
jdk23/debug/runtime/InstanceRawLocal.original.txt	624	b5f800a25ef5e547f36ccdecb9d6798cca74aee4a8a677d83bd449aea30f57e1
jdk23/debug/runtime/MultiFormalRawParam.jadx.txt	1277	8d284d37fb44425659f63776c8f684d596146724e653b1147b4adc2b7c50d4e2
jdk23/debug/runtime/MultiFormalRawParam.jarde.txt	744	8bc5d0b9f7ed8f8820c0a056a24f74615b3e6104dd1ccada41aee9975df41485
jdk23/debug/runtime/MultiFormalRawParam.original.txt	1167	6d16de1512a82cf13a56f94903001249dbfdb1ab81b29b817616448334e1d0c4
jdk23/debug/runtime/NullRawParam.jadx.txt	657	f4e759450c3306919076b843e677ebd4315a206a7a08c607258e8ee49a6eb720
jdk23/debug/runtime/NullRawParam.jarde.txt	591	99432d5aa83e97874597f1a0fde12c2a963ce4099787ae00fd33faff35b18418
jdk23/debug/runtime/NullRawParam.original.txt	591	99432d5aa83e97874597f1a0fde12c2a963ce4099787ae00fd33faff35b18418
jdk23/debug/runtime/PrimitiveArrayRawParam.jadx.txt	724	8dbde5389e6da69a121d5ad297157ee52bcb682d49d75d8a4bc7844fd4d1d1e8
jdk23/debug/runtime/PrimitiveArrayRawParam.jarde.txt	658	e156798549dd3ab3c3eced5fadfdced0789f4ee0e3f65410c291f2c46434dfba
jdk23/debug/runtime/PrimitiveArrayRawParam.original.txt	658	e156798549dd3ab3c3eced5fadfdced0789f4ee0e3f65410c291f2c46434dfba
jdk23/debug/runtime/RawOwnerChild.jadx.txt	721	2404a47a7f7c206decbce521d1ad8ca2966f33929a01a6e1cd462d7eda65b76b
jdk23/debug/runtime/RawOwnerChild.jarde.txt	565	e65da6d8f2478e3a0b6f43759b106518ecb2b77f17bd072cf737ed70a4ac28ad
jdk23/debug/runtime/RawOwnerChild.original.txt	655	c25e0c82c8f818f082f08ceef41ac63b15ed1ce4bb020bcf1eff5396c577b047
jdk23/debug/runtime/RawParam.jadx.txt	693	33b65814b563635c3b26f292f11a234ec9eda87fc8bbf5409c3fc0f323ad9d3d
jdk23/debug/runtime/RawParam.jarde.txt	627	6a2e3f1a9739b680582fea7e805eed4d712c0aaa5f345bb00d8449a502e68b6d
jdk23/debug/runtime/RawParam.original.txt	627	6a2e3f1a9739b680582fea7e805eed4d712c0aaa5f345bb00d8449a502e68b6d
jdk23/debug/runtime/RetainedAliasRawParam.jadx.txt	806	f92fd71052669f4c2419e8516949617f14ee858caeb232d80d63117f41ea2d94
jdk23/debug/runtime/RetainedAliasRawParam.jarde.txt	740	587147b6fcdb6f90959b73653be0302d121556b4c0626fb20a88ff47291ce8ff
jdk23/debug/runtime/RetainedAliasRawParam.original.txt	740	587147b6fcdb6f90959b73653be0302d121556b4c0626fb20a88ff47291ce8ff
jdk23/debug/runtime/ShadowMethodT.jadx.txt	1930	1c91e9e73e2b1038112652360b7e0dcd639e400df84523aac0d0102801a17264
jdk23/debug/runtime/ShadowMethodT.jarde.txt	863	ceb1dd45add8519cb6e22a15e06a6eab6b515c2f59d517b64ede6b379fcd7b53
jdk23/debug/runtime/ShadowMethodT.original.txt	1721	e491f2fc9b0efb07abdaf9da8848a50d38b4da3848f045e3268c35d95124df5a
jdk23/debug/runtime/StaticRawLocal.jadx.txt	729	caa078a6f6a66a11482c09645632ebb52566091c80fab4fa927b1053dce64fde
jdk23/debug/runtime/StaticRawLocal.jarde.txt	663	25ea87cacc91c856b41331c020cf776ffda40333d737cff0309fadf5141463b0
jdk23/debug/runtime/StaticRawLocal.original.txt	663	25ea87cacc91c856b41331c020cf776ffda40333d737cff0309fadf5141463b0
jdk23/debug/runtime/ThisReceiver.jadx.txt	697	f2c2ade79741f3c077a9767a2c86b6f9e8b3c91395a41c1c035e78ca2c19717e
jdk23/debug/runtime/ThisReceiver.jarde.txt	653	9916911dd761a7b0d550673bef203cb77fb4cb96733a8fb0a2184fb7d3ba65b8
jdk23/debug/runtime/ThisReceiver.original.txt	653	9916911dd761a7b0d550673bef203cb77fb4cb96733a8fb0a2184fb7d3ba65b8
jdk23/debug/runtime/TypedReceiver.jadx.txt	1106	1a07b6f4350dff1a6ca5a3e4ec3062096840ad9dbc1a6efbd816e82d4c9ccb31
jdk23/debug/runtime/TypedReceiver.jarde.txt	872	d7134843994e4b3ba1d434e5bdfba85531e98e0ec94492801f5dbfa4a5b0ca18
jdk23/debug/runtime/TypedReceiver.original.txt	974	7f08ef56194b137543c901f9bd3946d1ac0f4153f2cc202df75762d9c8052a16
jdk23/debug/runtime/WideRawParam.jadx.txt	753	bb098a483d7226c3ef490fd7d5502cfaae0fa2dc00a248054971f81a95f5b14e
jdk23/debug/runtime/WideRawParam.jarde.txt	687	9b6ad934d85edae64408a458838c3e4654befd592a41b43cedf7710c2e9b1512
jdk23/debug/runtime/WideRawParam.original.txt	687	9b6ad934d85edae64408a458838c3e4654befd592a41b43cedf7710c2e9b1512
jdk23/no-debug/jadx/Array2DRawParam/sources/defpackage/Array2DRawParam.java	337	7bf3005284b755fe00567641896be8ddcb1010ecdf431bb7cbd62e0fed69cd65
jdk23/no-debug/jadx/ArrayRawParam/sources/defpackage/ArrayRawParam.java	323	ce0ba57264c94dc463df8d3dbd6b3be4221b852d694a4a6471d38a3f13b35d4b
jdk23/no-debug/jadx/BoundRawParam/sources/defpackage/BoundRawParam.java	405	c728ec861a3d99357641665f0f7db8e272eda3309e78679b587b8bf8d4b156b7
jdk23/no-debug/jadx/DirectInstanceRawParam/sources/defpackage/DirectInstanceRawParam.java	360	d510980f6071ada1a310dd5a76fd7ff932c97703337c794fbccb526b8309c33c
jdk23/no-debug/jadx/InstanceRawLocal/sources/defpackage/InstanceRawLocal.java	277	183a867140d3ec0d651f1c6024251ab3805b4a7cb5736eab8893104121ed39df
jdk23/no-debug/jadx/MultiFormalRawParam/sources/defpackage/MultiFormalRawParam.java	380	7d015e6743c7ed99d6c7690a03fcf4ecf861a9c582097a14130d74c338cc9376
jdk23/no-debug/jadx/NullRawParam/sources/defpackage/NullRawParam.java	238	a851150cb6e01aab4844ecce9c0ebb6f65cf050e4aef37382ef53b379c9c7d87
jdk23/no-debug/jadx/PrimitiveArrayRawParam/sources/defpackage/PrimitiveArrayRawParam.java	368	331c49fc214f34eda5179d4a5fdd3a84dccbec84b083fc49d9121ea426240d11
jdk23/no-debug/jadx/RawOwnerChild/sources/defpackage/RawOwnerBase.java	141	a4256e0b800f68dffd6124722d909d24bb9958b2d27d0668e20575fd05ead39d
jdk23/no-debug/jadx/RawOwnerChild/sources/defpackage/RawOwnerChild.java	316	7b1d0110195f085b030ec850679ab6449421c0bc84e5a9decc86d154332e6a5b
jdk23/no-debug/jadx/RawParam/sources/defpackage/RawParam.java	283	12bd0a83b15704e980d959b9015f1cee6036fe3e2ea3cf799a394dd9a4732787
jdk23/no-debug/jadx/RetainedAliasRawParam/sources/defpackage/RetainedAliasRawParam.java	401	a04d278d436e9e8d24ab1aa54b93f44ae2766c59e3670b1f663515abdd163ced
jdk23/no-debug/jadx/ShadowMethodT/sources/defpackage/ShadowMethodT.java	334	a3cc4ded8594ea60b6a6aded917b5d81b18665b64ed2a0e7e869b7435445eeec
jdk23/no-debug/jadx/StaticRawLocal/sources/defpackage/StaticRawLocal.java	319	c62aaca50bf0904967018ce58649678d845644764106ae6e56fc95af81c82cd2
jdk23/no-debug/jadx/ThisReceiver/sources/defpackage/ThisReceiver.java	198	29bdbc10deda533facdba2757b0246d7b9e1284023c246cbff18c76ea9e82a3c
jdk23/no-debug/jadx/TypedReceiver/sources/defpackage/TypedReceiver.java	307	93a41a4f4f11b77fc7b06c143144ebb4254d182495e5a60594be22385b0e594b
jdk23/no-debug/jadx/WideRawParam/sources/defpackage/WideRawParam.java	325	688c4a0e9325d677f23f0a8f7c56c05436f009b6b8249eb0336dc5362904b189
jdk23/no-debug/jarde/Array2DRawParam.java	1293	84b51bbf39ee444117977442cc40e3d8c27a72fb65b6164c7b2fbdfcc4eae13c
jdk23/no-debug/jarde/Array2DRawParam.stderr.txt	44791	6ad74e1f57fdb51bf02a0b42682566ec5c7bd25984fe48be9713a2bbca0945f0
jdk23/no-debug/jarde/ArrayRawParam.java	1273	6eca13086c3cca27c7ef5ed7c3ebc60b7bd9d8daada5cdd7d9c1eb80bf88c0bf
jdk23/no-debug/jarde/ArrayRawParam.stderr.txt	44580	5a01ff5f0a6c4ae43bf6e6d22b353960acf72fc8d8efbe14bfda9acfb7df9426
jdk23/no-debug/jarde/BoundRawParam.java	1345	81ee814aa442d16bedb0f72f370830c16ee2069d4e84754453ae15445e258294
jdk23/no-debug/jarde/BoundRawParam.stderr.txt	44718	c5a1bdfa5ef8650dfd67879ee8f764a2a34747b1d992ec57e07ecd92b3755c3f
jdk23/no-debug/jarde/DirectInstanceRawParam.java	1334	4a94736315b6eae244e0c86bd52673d4184206d783c03a281542fea7858efed2
jdk23/no-debug/jarde/DirectInstanceRawParam.stderr.txt	45474	8728343a9675e8b9c604d9e920d0f58c0b1a4a9d8cf65cf1c8d1f4f591600d8c
jdk23/no-debug/jarde/InstanceRawLocal.java	1339	da10013688a30b0cc61c5f8ad8649f79792d67b4ea0d861293afdaf595225214
jdk23/no-debug/jarde/InstanceRawLocal.stderr.txt	44318	928203308b675adfdf229499e8f5aeadf04f11939eafc92e4057720ebe374926
jdk23/no-debug/jarde/MultiFormalRawParam.java	1690	25dc6e16e8b9f5a62fe2333fe44c3491fde8f6d40b762bca42951af6d817bbd1
jdk23/no-debug/jarde/MultiFormalRawParam.stderr.txt	52324	b78fe391d1b860ee2f4258c4fec2c722ecd8ffac04d469506fabd96192cf58a2
jdk23/no-debug/jarde/NullRawParam.java	1199	d68300b3bdd64dc0a1769de4c77a88e3eebccc14b47a17dc3e1ee4f8165ca2e2
jdk23/no-debug/jarde/NullRawParam.stderr.txt	43807	b7304673ed19809fdcdcf8e6d7d0d4ff2ed01938929782d1fa80b7c747f9521c
jdk23/no-debug/jarde/PrimitiveArrayRawParam.java	1295	90298d00e9daee2bf9bea1ca50260dee0b170c49e8bc25e85ffbce8789fa2c77
jdk23/no-debug/jarde/PrimitiveArrayRawParam.stderr.txt	44977	1f9b911506ff0e0a1a159aa30e4b9c554c6ff91cd20255a8e51303a490f8b9fb
jdk23/no-debug/jarde/RawOwnerBase.java	888	f400195673e17b46cfe5e1ecf2dfa6ad1e569fc2a83c23d92202a00ba21aba24
jdk23/no-debug/jarde/RawOwnerBase.stderr.txt	24645	4be2fe7a8203b5fbc8e8481c6525c801a2a9930a9d8c45588a94bb957bdbc571
jdk23/no-debug/jarde/RawOwnerChild.java	1233	8bc50b0f6cb5bc0a65e96706a623c1fc4bc19fa7d9d3586ebaace845198a1015
jdk23/no-debug/jarde/RawOwnerChild.stderr.txt	42646	fd8629d5d58f01b2b532ad67e3241a66cb42375e6cf9a2715c66325d6681632d
jdk23/no-debug/jarde/RawParam.java	1226	deadf9d5abebeb93b29bb8330dd107c0f9f84ba1ddfa430103fcb8261f91caa4
jdk23/no-debug/jarde/RawParam.stderr.txt	44017	4f13e647c7e5f033e86300b43af3397c2076ce234d91807e98290954b18f7769
jdk23/no-debug/jarde/RetainedAliasRawParam.java	1430	e3536151d6425f7cf9e601be73cd6fccdb94be39c2157ee6ae0f84a8c7d364e5
jdk23/no-debug/jarde/RetainedAliasRawParam.stderr.txt	51979	3a7513b4e1014ef402d0fadf0498fd04be0fc2876384360e9c60932e76b2f5e7
jdk23/no-debug/jarde/ShadowMethodT.java	2044	b04b610fd3bcae70366460c87281526e1a77989a2393c91d4e0cf746fee52a9a
jdk23/no-debug/jarde/ShadowMethodT.stderr.txt	48390	c858948a69f0c90895d6695b9a38904fc3be64aa3641d64d915c472f78b26c59
jdk23/no-debug/jarde/StaticRawLocal.java	1314	fd3a53f3051037b2d49c8966c16550fc2360b0f7494664a72673443748783747
jdk23/no-debug/jarde/StaticRawLocal.stderr.txt	48407	969561d5cd04f4254742c35b195f77344738fe3801a07fb189771f6e4715bc51
jdk23/no-debug/jarde/ThisReceiver.java	1328	0c40a3e0e09b0e97ca13b527dcc647a9f01c29a3f73f31f6d7de68b4408b0d8f
jdk23/no-debug/jarde/ThisReceiver.stderr.txt	44228	ae2d9e6635797bf39786176d33ec11280d648cfd640b41fff114ed252ba622ed
jdk23/no-debug/jarde/TypedReceiver.java	1802	50c3079f863db603a415bf7cc07cdbc4457249ab9e0bfadcb21fa7b4aaccd53b
jdk23/no-debug/jarde/TypedReceiver.stderr.txt	47727	9cc8625d4a561c1c626447824c705d9830131b250f95f33b04d1466dde4de4ee
jdk23/no-debug/jarde/WideRawParam.java	1286	1fffb038dc24c28f794c348a356b25bf8f3cac2017e72733ba1b38208c722010
jdk23/no-debug/jarde/WideRawParam.stderr.txt	44563	bb115e61b0d0331fcbf6d62815c11b67ac792194f3515cccac81d9739ec73cca
jdk23/no-debug/javap/Array2DRawParam.txt	2418	de0dd64fa34b565d95e66c3dd20304a0c61908e78e94815258d484d805894dee
jdk23/no-debug/javap/ArrayRawParam.txt	2392	76131af95db7c4c709ae0a1ac1f17e1941539e37fef78db6fe7c544ea40a3f77
jdk23/no-debug/javap/BoundRawParam.txt	2461	a5cc3eb82c80f8280fbc27eb671f298f44ad55c18b51ebd9fb1b1dfee515319e
jdk23/no-debug/javap/DirectInstanceRawParam.txt	2459	86b769b524ec33859cadd81aa8555413bab468a4f6c6fb443e23e3bcfd337a1b
jdk23/no-debug/javap/InstanceRawLocal.txt	2380	ff39951f4582e15378eac0ce1397753e028059a8a7446254fc50b21b7e777eee
jdk23/no-debug/javap/MultiFormalRawParam.txt	3045	4a09857ffb5fb119716fadaab498240930a0315b6ec6efcbac843d0b6ecd0729
jdk23/no-debug/javap/NullRawParam.txt	2318	3da7f16383956fcfba0362b07d0397c4521642a0129cb1d11a6d5b0794734e43
jdk23/no-debug/javap/PrimitiveArrayRawParam.txt	2435	46921aa1b278c7e676eeb72ee249cc5b9b5c6ce85a313d320faa4514e476c6ae
jdk23/no-debug/javap/RawOwnerChild.txt	2193	1faa3568f1ac92d22de17f20c46261e9ec207e3b1e8a44f5dbe98337e214c13e
jdk23/no-debug/javap/RawParam.txt	2324	da4a2617e0e141bd47eda6588e1493e538f200232d07ad2b4b45a375ba72b62a
jdk23/no-debug/javap/RetainedAliasRawParam.txt	2575	62fc5ac7f72922c89480e5a834531e8f83800794857777d7708557259feddc97
jdk23/no-debug/javap/ShadowMethodT.txt	2895	21bdc1dc6eaae9e029c98be6702c2be862675bb102994fb0ffea284c0fa0e895
jdk23/no-debug/javap/StaticRawLocal.txt	2431	650bcea27e776c0eb6eae39111c62625889c7fb1ecc319bd62b40869f51404c4
jdk23/no-debug/javap/ThisReceiver.txt	2380	f8cb778404269f6dbb0e4ec7b2557386cfba4cb551527c4b21529354aa8df6c4
jdk23/no-debug/javap/TypedReceiver.txt	2806	e3d115aedb5acf674231df3249b1cfc3da3ec4db2a135c59cff7fa9042f29958
jdk23/no-debug/javap/WideRawParam.txt	2394	8040f386f71de3028b172bcf3c865af0c91588114f3b077d990cb692bcaa77d8
jdk23/no-debug/runtime/Array2DRawParam.jadx.txt	757	8a25af8b8504893fffac8c1872e3c93e85925b6aa0b3d9ff5f62750cee2ba267
jdk23/no-debug/runtime/Array2DRawParam.jarde.txt	691	f48a2d307b1f6c7abb8d91e7a8ed8a5ccc87d07c1114588c08ddfb0808240329
jdk23/no-debug/runtime/Array2DRawParam.original.txt	691	f48a2d307b1f6c7abb8d91e7a8ed8a5ccc87d07c1114588c08ddfb0808240329
jdk23/no-debug/runtime/ArrayRawParam.jadx.txt	740	65890eea8fe7c3065fbc2f644c7253d5354fdffeba56efc1a47107d7914063b6
jdk23/no-debug/runtime/ArrayRawParam.jarde.txt	674	d51f3b7d45328701a337bb2285770bcd1cf8f2179c66734c318010571e65ac8b
jdk23/no-debug/runtime/ArrayRawParam.original.txt	674	d51f3b7d45328701a337bb2285770bcd1cf8f2179c66734c318010571e65ac8b
jdk23/no-debug/runtime/BoundRawParam.jadx.txt	817	bdeb71e6ccb9da375831745c55c6fa5137fd29b7007948eecaea74516d6991ca
jdk23/no-debug/runtime/BoundRawParam.jarde.txt	740	0c5cb2a465e5db671d09e57d82dc7d2279cee6ef898da3154a4cac90f5c80de8
jdk23/no-debug/runtime/BoundRawParam.original.txt	740	0c5cb2a465e5db671d09e57d82dc7d2279cee6ef898da3154a4cac90f5c80de8
jdk23/no-debug/runtime/DirectInstanceRawParam.jadx.txt	777	b3cda9506188b60dd9d215bc5efd1dafb315f344e7cea3910361ebe407f0cc9b
jdk23/no-debug/runtime/DirectInstanceRawParam.jarde.txt	711	9358c79b8f63417a168963e9dc02e1e1359ee5bda8614638bec755f01d5683be
jdk23/no-debug/runtime/DirectInstanceRawParam.original.txt	711	9358c79b8f63417a168963e9dc02e1e1359ee5bda8614638bec755f01d5683be
jdk23/no-debug/runtime/InstanceRawLocal.jarde.txt	594	c4a0fd4eb5e838df4c7116cc09d11740387e51309b8dd9c85cb1eac73adb9692
jdk23/no-debug/runtime/InstanceRawLocal.original.txt	624	b5f800a25ef5e547f36ccdecb9d6798cca74aee4a8a677d83bd449aea30f57e1
jdk23/no-debug/runtime/MultiFormalRawParam.jadx.txt	1277	8d284d37fb44425659f63776c8f684d596146724e653b1147b4adc2b7c50d4e2
jdk23/no-debug/runtime/MultiFormalRawParam.jarde.txt	744	8bc5d0b9f7ed8f8820c0a056a24f74615b3e6104dd1ccada41aee9975df41485
jdk23/no-debug/runtime/MultiFormalRawParam.original.txt	1167	6d16de1512a82cf13a56f94903001249dbfdb1ab81b29b817616448334e1d0c4
jdk23/no-debug/runtime/NullRawParam.jadx.txt	657	f4e759450c3306919076b843e677ebd4315a206a7a08c607258e8ee49a6eb720
jdk23/no-debug/runtime/NullRawParam.jarde.txt	591	99432d5aa83e97874597f1a0fde12c2a963ce4099787ae00fd33faff35b18418
jdk23/no-debug/runtime/NullRawParam.original.txt	591	99432d5aa83e97874597f1a0fde12c2a963ce4099787ae00fd33faff35b18418
jdk23/no-debug/runtime/PrimitiveArrayRawParam.jadx.txt	724	8dbde5389e6da69a121d5ad297157ee52bcb682d49d75d8a4bc7844fd4d1d1e8
jdk23/no-debug/runtime/PrimitiveArrayRawParam.jarde.txt	658	e156798549dd3ab3c3eced5fadfdced0789f4ee0e3f65410c291f2c46434dfba
jdk23/no-debug/runtime/PrimitiveArrayRawParam.original.txt	658	e156798549dd3ab3c3eced5fadfdced0789f4ee0e3f65410c291f2c46434dfba
jdk23/no-debug/runtime/RawOwnerChild.jadx.txt	721	2404a47a7f7c206decbce521d1ad8ca2966f33929a01a6e1cd462d7eda65b76b
jdk23/no-debug/runtime/RawOwnerChild.jarde.txt	565	e65da6d8f2478e3a0b6f43759b106518ecb2b77f17bd072cf737ed70a4ac28ad
jdk23/no-debug/runtime/RawOwnerChild.original.txt	655	c25e0c82c8f818f082f08ceef41ac63b15ed1ce4bb020bcf1eff5396c577b047
jdk23/no-debug/runtime/RawParam.jadx.txt	693	33b65814b563635c3b26f292f11a234ec9eda87fc8bbf5409c3fc0f323ad9d3d
jdk23/no-debug/runtime/RawParam.jarde.txt	627	6a2e3f1a9739b680582fea7e805eed4d712c0aaa5f345bb00d8449a502e68b6d
jdk23/no-debug/runtime/RawParam.original.txt	627	6a2e3f1a9739b680582fea7e805eed4d712c0aaa5f345bb00d8449a502e68b6d
jdk23/no-debug/runtime/RetainedAliasRawParam.jadx.txt	806	f92fd71052669f4c2419e8516949617f14ee858caeb232d80d63117f41ea2d94
jdk23/no-debug/runtime/RetainedAliasRawParam.jarde.txt	740	587147b6fcdb6f90959b73653be0302d121556b4c0626fb20a88ff47291ce8ff
jdk23/no-debug/runtime/RetainedAliasRawParam.original.txt	740	587147b6fcdb6f90959b73653be0302d121556b4c0626fb20a88ff47291ce8ff
jdk23/no-debug/runtime/ShadowMethodT.jadx.txt	1930	1c91e9e73e2b1038112652360b7e0dcd639e400df84523aac0d0102801a17264
jdk23/no-debug/runtime/ShadowMethodT.jarde.txt	863	ceb1dd45add8519cb6e22a15e06a6eab6b515c2f59d517b64ede6b379fcd7b53
jdk23/no-debug/runtime/ShadowMethodT.original.txt	1721	e491f2fc9b0efb07abdaf9da8848a50d38b4da3848f045e3268c35d95124df5a
jdk23/no-debug/runtime/StaticRawLocal.jadx.txt	729	caa078a6f6a66a11482c09645632ebb52566091c80fab4fa927b1053dce64fde
jdk23/no-debug/runtime/StaticRawLocal.jarde.txt	663	25ea87cacc91c856b41331c020cf776ffda40333d737cff0309fadf5141463b0
jdk23/no-debug/runtime/StaticRawLocal.original.txt	663	25ea87cacc91c856b41331c020cf776ffda40333d737cff0309fadf5141463b0
jdk23/no-debug/runtime/ThisReceiver.jadx.txt	697	f2c2ade79741f3c077a9767a2c86b6f9e8b3c91395a41c1c035e78ca2c19717e
jdk23/no-debug/runtime/ThisReceiver.jarde.txt	653	9916911dd761a7b0d550673bef203cb77fb4cb96733a8fb0a2184fb7d3ba65b8
jdk23/no-debug/runtime/ThisReceiver.original.txt	653	9916911dd761a7b0d550673bef203cb77fb4cb96733a8fb0a2184fb7d3ba65b8
jdk23/no-debug/runtime/TypedReceiver.jadx.txt	1106	1a07b6f4350dff1a6ca5a3e4ec3062096840ad9dbc1a6efbd816e82d4c9ccb31
jdk23/no-debug/runtime/TypedReceiver.jarde.txt	872	d7134843994e4b3ba1d434e5bdfba85531e98e0ec94492801f5dbfa4a5b0ca18
jdk23/no-debug/runtime/TypedReceiver.original.txt	974	7f08ef56194b137543c901f9bd3946d1ac0f4153f2cc202df75762d9c8052a16
jdk23/no-debug/runtime/WideRawParam.jadx.txt	753	bb098a483d7226c3ef490fd7d5502cfaae0fa2dc00a248054971f81a95f5b14e
jdk23/no-debug/runtime/WideRawParam.jarde.txt	687	9b6ad934d85edae64408a458838c3e4654befd592a41b43cedf7710c2e9b1512
jdk23/no-debug/runtime/WideRawParam.original.txt	687	9b6ad934d85edae64408a458838c3e4654befd592a41b43cedf7710c2e9b1512
jdk23/versions/java.txt	152	11d9a1559a3f4fab380e536f54e14acacdbd9fb56e147f04a9cc4723e3c229f7
jdk23/versions/javac.txt	13	8b08d363e50e3d8f80fe38c5910e7f52b3e267b192efacb74878c7103361d3cd
jdk8/debug/jadx/Array2DRawParam/sources/defpackage/Array2DRawParam.java	323	d9af1990c95193456c46473f31939177a2632e34152dde0ed791caf10ac40d27
jdk8/debug/jadx/ArrayRawParam/sources/defpackage/ArrayRawParam.java	313	b9356814382670f5cc31457caf107ca11a4836ca88b6a2964a73120afa021457
jdk8/debug/jadx/BoundRawParam/sources/defpackage/BoundRawParam.java	395	4545a9f6e22269ff21bcac1e1abc69f7f9186d982c4c395eb5c10471783b9eda
jdk8/debug/jadx/DirectInstanceRawParam/sources/defpackage/DirectInstanceRawParam.java	332	d5a81d1a0941226f34e220c355943cd81eace76a7f72ab9c0a07e079166af029
jdk8/debug/jadx/InstanceRawLocal/sources/defpackage/InstanceRawLocal.java	277	183a867140d3ec0d651f1c6024251ab3805b4a7cb5736eab8893104121ed39df
jdk8/debug/jadx/MultiFormalRawParam/sources/defpackage/MultiFormalRawParam.java	362	46dff0ad150401facc3becf5fa2e92685a87d46f2c9b537e02a20af4e0da4072
jdk8/debug/jadx/NullRawParam/sources/defpackage/NullRawParam.java	230	2497fde8c7696cef28caddbb5432e9775944289511bd27767183fd2665087b19
jdk8/debug/jadx/PrimitiveArrayRawParam/sources/defpackage/PrimitiveArrayRawParam.java	340	6e080e95264345c55088fab59d326568454b5c431b3bd4674254c4c3f7931b0b
jdk8/debug/jadx/RawOwnerChild/sources/defpackage/RawOwnerBase.java	141	a4256e0b800f68dffd6124722d909d24bb9958b2d27d0668e20575fd05ead39d
jdk8/debug/jadx/RawOwnerChild/sources/defpackage/RawOwnerChild.java	306	ea53cd737a4ca1e297f8ae71a5ed156924a2cf3ad7c61206b43694e7cb016fde
jdk8/debug/jadx/RawParam/sources/defpackage/RawParam.java	283	a36e1bd1ec630ddccadc5178ea2ef1483d9b784fef412784d34d672f34d9c855
jdk8/debug/jadx/RetainedAliasRawParam/sources/defpackage/RetainedAliasRawParam.java	362	0d8c28f014d9873131e2277ec147645b4f2e8f88f10d96ebafa1ca68ec7519a9
jdk8/debug/jadx/ShadowMethodT/sources/defpackage/ShadowMethodT.java	332	e638423e067858654f869a3c38d7f38daf64e4a0855011122ace6be028722f99
jdk8/debug/jadx/StaticRawLocal/sources/defpackage/StaticRawLocal.java	307	0875242685024debb56daf13e862932967d9e7c860f92e7b89c872dc99a16be8
jdk8/debug/jadx/ThisReceiver/sources/defpackage/ThisReceiver.java	206	908f8f9ccda887868f6a515f1942aed41297b5a73a55e0a062da8faeca7b049f
jdk8/debug/jadx/TypedReceiver/sources/defpackage/TypedReceiver.java	305	f6885117b5b3c43020e4cede27dbe323b9d8ef2900b0d386adc3a22e1abcc97f
jdk8/debug/jadx/WideRawParam/sources/defpackage/WideRawParam.java	327	1b5390662572c65827dc2e38557a649a6c3f92cb2c6813556092327e680a54fd
jdk8/debug/jarde/Array2DRawParam.java	1303	d4ba813f6f198eed97a53a5c193bca2f69698ce49b7a93aa69e279e7c27acb62
jdk8/debug/jarde/Array2DRawParam.stderr.txt	44818	37306d036825cb0ac4bbfbb2b7345e80b31576ea9417aa22d08b76a5650e53d7
jdk8/debug/jarde/ArrayRawParam.java	1283	c8c72849f11741a77f70b21b0436745c69e7f2e9d60ae7c7724adfd147a8faab
jdk8/debug/jarde/ArrayRawParam.stderr.txt	44607	c5ac5bcc29e9430cecc78936194e6ac3d4ab391adab00b3e20c5ccb460e7c3ad
jdk8/debug/jarde/BoundRawParam.java	1355	6780b9df7fd79af1b6d8e0acb289d0257a77eaa548101c8cfe3fdc3911d66eac
jdk8/debug/jarde/BoundRawParam.stderr.txt	44744	7bb843e3b6f6789a4c1ecec4060b8bdad511e0d93044aa31aa38e348d7e7d67e
jdk8/debug/jarde/DirectInstanceRawParam.java	1344	66882766f2731a7d18b72428b8ad38d8f2bd8e0183b4bf42ab71e0a8bcb56671
jdk8/debug/jarde/DirectInstanceRawParam.stderr.txt	45501	5dbb7830e358af51baab1f46f00a83dd3af511de92a5737509ddfa280d782496
jdk8/debug/jarde/InstanceRawLocal.java	1341	5739eae80933689e02968db38be749560fea18f7852efc7071bc402ac1657445
jdk8/debug/jarde/InstanceRawLocal.stderr.txt	44329	44ebfccd659cf5d3b4ec8520bb602018791c67ddc77dd7299f02d94faad004a3
jdk8/debug/jarde/MultiFormalRawParam.java	1698	f619dc6de622abbbb601490c87b29154ed05f1dc9da16fd08f994de9faa1e729
jdk8/debug/jarde/MultiFormalRawParam.stderr.txt	52347	f5853d3906f90e5b87fcc8d39565b13806d652807aa9f11f2e2a5faf1fa0bcfa
jdk8/debug/jarde/NullRawParam.java	1207	f60daa335370ba4b9535a79d8a6039e957fde7f7fbf1179b722b7dff8c1bb168
jdk8/debug/jarde/NullRawParam.stderr.txt	43830	ea0e6249984dc650b0cf215346f6ad3a50e64b113bd0ff6742805c6f7b7f038c
jdk8/debug/jarde/PrimitiveArrayRawParam.java	1305	ca19f53923fbfb66917c75ea83f0d5053343cf8c6aa62b562778ef54d5028a26
jdk8/debug/jarde/PrimitiveArrayRawParam.stderr.txt	45004	1131eba27ff874c6e2e20005b07526210c9d4be5e014e4f75de3f17a94758e13
jdk8/debug/jarde/RawOwnerBase.java	888	f400195673e17b46cfe5e1ecf2dfa6ad1e569fc2a83c23d92202a00ba21aba24
jdk8/debug/jarde/RawOwnerBase.stderr.txt	24645	81af2f75a8722a258cbd353424610aeccc37f6461f232eae1ffbbae9a92fe88d
jdk8/debug/jarde/RawOwnerChild.java	1243	85654234ed265aea8c2af90fe4353ca2be2b352c36d98476b0f89a9661e064cd
jdk8/debug/jarde/RawOwnerChild.stderr.txt	42674	02f59fd47350d53e1f3639695671a8f426c2def99a4af9c500f4cc110ca94da7
jdk8/debug/jarde/RawParam.java	1236	e086985b6879bfbebb341e501fb7f963bc33d5623ac87904b40e011163135e9b
jdk8/debug/jarde/RawParam.stderr.txt	44044	698b994782135f75f492ef79c100097d2b52fcb83f898406d886d9f10feaec8a
jdk8/debug/jarde/RetainedAliasRawParam.java	1437	67c03164c7f4c286881d760c247bdc8ed73c851a4377db2751830cc607eb3f89
jdk8/debug/jarde/RetainedAliasRawParam.stderr.txt	52000	4c8e1fe46485382f5b5a6b3f0df544c692f6b6bfd1fca608d1a167e9f34f90b3
jdk8/debug/jarde/ShadowMethodT.java	2054	b6d351665b1a03c8f6b0bfadfbb2dc22c1ab88457700d15dc23ffdd9d8ec560e
jdk8/debug/jarde/ShadowMethodT.stderr.txt	48417	a02e008540e53e84c7e0896c2d8f096ed5ad9d3e9bb12db528483301fe2f5db0
jdk8/debug/jarde/StaticRawLocal.java	1322	9ec274de3d0847441e7de73ff79a6d027179b6c14306c18643ee8e2346b54332
jdk8/debug/jarde/StaticRawLocal.stderr.txt	48430	50719bb2fa422bdfa086341d57cc9d872e77c2e36afa9bc37e9e4480f6d5a4f5
jdk8/debug/jarde/ThisReceiver.java	1330	a97d2cf3fb8ae606b390fe7a96386fb611ca686a76a5a25889978f7e8fc03c52
jdk8/debug/jarde/ThisReceiver.stderr.txt	44239	734a0236ad2ffa9a5822ed99b35cc3ca3539f3e043aadbc4bc41eb76010ccb59
jdk8/debug/jarde/TypedReceiver.java	1812	bdf8ee04b0e67af0e95616b5995872c1accab0101131b4987ca1cfa4bc6d46f0
jdk8/debug/jarde/TypedReceiver.stderr.txt	47755	b4d0f74bae0004f5031124f985696294f430a3cf155e8c76220badbec4d4b278
jdk8/debug/jarde/WideRawParam.java	1300	a8c2366e3a709f7941c00dff72d5921e0b3e9772cd7195d3caf1094bb0a95be9
jdk8/debug/jarde/WideRawParam.stderr.txt	44598	52a24e020f63249e7a4dab449ec4ec7377866c7d1aec720caf24f00d54a7e583
jdk8/debug/javap/Array2DRawParam.txt	3213	deba0d0fd6477619e89f6e76cb0525d7928b911974091d0073491756b6417e97
jdk8/debug/javap/ArrayRawParam.txt	3124	4c7ce421a74e0ffc33ec4ecc7a9712fe726a9b9db67edf403b567249c28fe909
jdk8/debug/javap/BoundRawParam.txt	3192	0583d8322acdeef96e916b2cd62e0e25b844428cb9daff422eefb25ea2352e81
jdk8/debug/javap/DirectInstanceRawParam.txt	3456	985b63aa149ff87b9b79d1688950f005707ac1fe3ebca01c335333d2b931f006
jdk8/debug/javap/InstanceRawLocal.txt	3299	9249a05a4572e949a37723bf4ff6085801591039804b4eee4014d3dd1f8cfd06
jdk8/debug/javap/MultiFormalRawParam.txt	4070	dd1d4e622d2f408c5f5449b163dce274f44ce66b401816ce045a25ad1fc513c7
jdk8/debug/javap/NullRawParam.txt	2987	139d2e1df5d613b81e80530d7449c85459b12960a83cda1800ca1f8801c39daf
jdk8/debug/javap/PrimitiveArrayRawParam.txt	3243	6c4c7ae38c5a52141338d2360ce13fbbcd8a280a300025a4a460905647984ee8
jdk8/debug/javap/RawOwnerChild.txt	2937	a3a1264e9c4e89058dde177c37e9e84d5d04b0241e271244df647a02a10108f8
jdk8/debug/javap/RawParam.txt	3002	bc0b7e43895553691716cf1abb0c59faf3ab7b72ef31d17ce517b552e969b435
jdk8/debug/javap/RetainedAliasRawParam.txt	3473	3cb057158548fc3131bab5f82e09bcb27fd50bfa5ef8d55801944101226deb0e
jdk8/debug/javap/ShadowMethodT.txt	3775	5f88b0dbb9231e78d4e602f89003a6cb83bbca11530d969965acb02353395676
jdk8/debug/javap/StaticRawLocal.txt	3237	e0994f098dd155f0f2867b8a271f4c7dfb09c0342b8f7ac40d767ee8c18864e4
jdk8/debug/javap/ThisReceiver.txt	3219	2f2a02e12469f568ae016a6557d63d63bdb89f4e4ab63fe6a2e6ddf9a205ecaf
jdk8/debug/javap/TypedReceiver.txt	3795	0fafdbe630a9c84f8a1689942d1d318fbf4965b15a3f175ce3af6e45ad59f135
jdk8/debug/javap/WideRawParam.txt	3322	251a24fecb60d9545e8c5bff05871e4aec25485f0800735c1fe9de099cd4efdb
jdk8/debug/runtime/Array2DRawParam.jadx.txt	757	8a25af8b8504893fffac8c1872e3c93e85925b6aa0b3d9ff5f62750cee2ba267
jdk8/debug/runtime/Array2DRawParam.jarde.txt	691	f48a2d307b1f6c7abb8d91e7a8ed8a5ccc87d07c1114588c08ddfb0808240329
jdk8/debug/runtime/Array2DRawParam.original.txt	691	f48a2d307b1f6c7abb8d91e7a8ed8a5ccc87d07c1114588c08ddfb0808240329
jdk8/debug/runtime/ArrayRawParam.jadx.txt	740	65890eea8fe7c3065fbc2f644c7253d5354fdffeba56efc1a47107d7914063b6
jdk8/debug/runtime/ArrayRawParam.jarde.txt	674	d51f3b7d45328701a337bb2285770bcd1cf8f2179c66734c318010571e65ac8b
jdk8/debug/runtime/ArrayRawParam.original.txt	674	d51f3b7d45328701a337bb2285770bcd1cf8f2179c66734c318010571e65ac8b
jdk8/debug/runtime/BoundRawParam.jadx.txt	817	bdeb71e6ccb9da375831745c55c6fa5137fd29b7007948eecaea74516d6991ca
jdk8/debug/runtime/BoundRawParam.jarde.txt	740	0c5cb2a465e5db671d09e57d82dc7d2279cee6ef898da3154a4cac90f5c80de8
jdk8/debug/runtime/BoundRawParam.original.txt	740	0c5cb2a465e5db671d09e57d82dc7d2279cee6ef898da3154a4cac90f5c80de8
jdk8/debug/runtime/DirectInstanceRawParam.jadx.txt	777	b3cda9506188b60dd9d215bc5efd1dafb315f344e7cea3910361ebe407f0cc9b
jdk8/debug/runtime/DirectInstanceRawParam.jarde.txt	711	9358c79b8f63417a168963e9dc02e1e1359ee5bda8614638bec755f01d5683be
jdk8/debug/runtime/DirectInstanceRawParam.original.txt	711	9358c79b8f63417a168963e9dc02e1e1359ee5bda8614638bec755f01d5683be
jdk8/debug/runtime/InstanceRawLocal.jarde.txt	594	c4a0fd4eb5e838df4c7116cc09d11740387e51309b8dd9c85cb1eac73adb9692
jdk8/debug/runtime/InstanceRawLocal.original.txt	624	b5f800a25ef5e547f36ccdecb9d6798cca74aee4a8a677d83bd449aea30f57e1
jdk8/debug/runtime/MultiFormalRawParam.jadx.txt	1277	8d284d37fb44425659f63776c8f684d596146724e653b1147b4adc2b7c50d4e2
jdk8/debug/runtime/MultiFormalRawParam.jarde.txt	744	8bc5d0b9f7ed8f8820c0a056a24f74615b3e6104dd1ccada41aee9975df41485
jdk8/debug/runtime/MultiFormalRawParam.original.txt	1167	6d16de1512a82cf13a56f94903001249dbfdb1ab81b29b817616448334e1d0c4
jdk8/debug/runtime/NullRawParam.jadx.txt	657	f4e759450c3306919076b843e677ebd4315a206a7a08c607258e8ee49a6eb720
jdk8/debug/runtime/NullRawParam.jarde.txt	591	99432d5aa83e97874597f1a0fde12c2a963ce4099787ae00fd33faff35b18418
jdk8/debug/runtime/NullRawParam.original.txt	591	99432d5aa83e97874597f1a0fde12c2a963ce4099787ae00fd33faff35b18418
jdk8/debug/runtime/PrimitiveArrayRawParam.jadx.txt	724	8dbde5389e6da69a121d5ad297157ee52bcb682d49d75d8a4bc7844fd4d1d1e8
jdk8/debug/runtime/PrimitiveArrayRawParam.jarde.txt	658	e156798549dd3ab3c3eced5fadfdced0789f4ee0e3f65410c291f2c46434dfba
jdk8/debug/runtime/PrimitiveArrayRawParam.original.txt	658	e156798549dd3ab3c3eced5fadfdced0789f4ee0e3f65410c291f2c46434dfba
jdk8/debug/runtime/RawOwnerChild.jadx.txt	721	2404a47a7f7c206decbce521d1ad8ca2966f33929a01a6e1cd462d7eda65b76b
jdk8/debug/runtime/RawOwnerChild.jarde.txt	565	e65da6d8f2478e3a0b6f43759b106518ecb2b77f17bd072cf737ed70a4ac28ad
jdk8/debug/runtime/RawOwnerChild.original.txt	655	c25e0c82c8f818f082f08ceef41ac63b15ed1ce4bb020bcf1eff5396c577b047
jdk8/debug/runtime/RawParam.jadx.txt	693	33b65814b563635c3b26f292f11a234ec9eda87fc8bbf5409c3fc0f323ad9d3d
jdk8/debug/runtime/RawParam.jarde.txt	627	6a2e3f1a9739b680582fea7e805eed4d712c0aaa5f345bb00d8449a502e68b6d
jdk8/debug/runtime/RawParam.original.txt	627	6a2e3f1a9739b680582fea7e805eed4d712c0aaa5f345bb00d8449a502e68b6d
jdk8/debug/runtime/RetainedAliasRawParam.jadx.txt	806	f92fd71052669f4c2419e8516949617f14ee858caeb232d80d63117f41ea2d94
jdk8/debug/runtime/RetainedAliasRawParam.jarde.txt	740	587147b6fcdb6f90959b73653be0302d121556b4c0626fb20a88ff47291ce8ff
jdk8/debug/runtime/RetainedAliasRawParam.original.txt	740	587147b6fcdb6f90959b73653be0302d121556b4c0626fb20a88ff47291ce8ff
jdk8/debug/runtime/ShadowMethodT.jadx.txt	1930	1c91e9e73e2b1038112652360b7e0dcd639e400df84523aac0d0102801a17264
jdk8/debug/runtime/ShadowMethodT.jarde.txt	863	ceb1dd45add8519cb6e22a15e06a6eab6b515c2f59d517b64ede6b379fcd7b53
jdk8/debug/runtime/ShadowMethodT.original.txt	1721	e491f2fc9b0efb07abdaf9da8848a50d38b4da3848f045e3268c35d95124df5a
jdk8/debug/runtime/StaticRawLocal.jadx.txt	729	caa078a6f6a66a11482c09645632ebb52566091c80fab4fa927b1053dce64fde
jdk8/debug/runtime/StaticRawLocal.jarde.txt	663	25ea87cacc91c856b41331c020cf776ffda40333d737cff0309fadf5141463b0
jdk8/debug/runtime/StaticRawLocal.original.txt	663	25ea87cacc91c856b41331c020cf776ffda40333d737cff0309fadf5141463b0
jdk8/debug/runtime/ThisReceiver.jadx.txt	697	f2c2ade79741f3c077a9767a2c86b6f9e8b3c91395a41c1c035e78ca2c19717e
jdk8/debug/runtime/ThisReceiver.jarde.txt	653	9916911dd761a7b0d550673bef203cb77fb4cb96733a8fb0a2184fb7d3ba65b8
jdk8/debug/runtime/ThisReceiver.original.txt	653	9916911dd761a7b0d550673bef203cb77fb4cb96733a8fb0a2184fb7d3ba65b8
jdk8/debug/runtime/TypedReceiver.jadx.txt	1106	1a07b6f4350dff1a6ca5a3e4ec3062096840ad9dbc1a6efbd816e82d4c9ccb31
jdk8/debug/runtime/TypedReceiver.jarde.txt	872	d7134843994e4b3ba1d434e5bdfba85531e98e0ec94492801f5dbfa4a5b0ca18
jdk8/debug/runtime/TypedReceiver.original.txt	974	7f08ef56194b137543c901f9bd3946d1ac0f4153f2cc202df75762d9c8052a16
jdk8/debug/runtime/WideRawParam.jadx.txt	753	bb098a483d7226c3ef490fd7d5502cfaae0fa2dc00a248054971f81a95f5b14e
jdk8/debug/runtime/WideRawParam.jarde.txt	687	9b6ad934d85edae64408a458838c3e4654befd592a41b43cedf7710c2e9b1512
jdk8/debug/runtime/WideRawParam.original.txt	687	9b6ad934d85edae64408a458838c3e4654befd592a41b43cedf7710c2e9b1512
jdk8/no-debug/jadx/Array2DRawParam/sources/defpackage/Array2DRawParam.java	337	7bf3005284b755fe00567641896be8ddcb1010ecdf431bb7cbd62e0fed69cd65
jdk8/no-debug/jadx/ArrayRawParam/sources/defpackage/ArrayRawParam.java	323	ce0ba57264c94dc463df8d3dbd6b3be4221b852d694a4a6471d38a3f13b35d4b
jdk8/no-debug/jadx/BoundRawParam/sources/defpackage/BoundRawParam.java	405	c728ec861a3d99357641665f0f7db8e272eda3309e78679b587b8bf8d4b156b7
jdk8/no-debug/jadx/DirectInstanceRawParam/sources/defpackage/DirectInstanceRawParam.java	360	d510980f6071ada1a310dd5a76fd7ff932c97703337c794fbccb526b8309c33c
jdk8/no-debug/jadx/InstanceRawLocal/sources/defpackage/InstanceRawLocal.java	277	183a867140d3ec0d651f1c6024251ab3805b4a7cb5736eab8893104121ed39df
jdk8/no-debug/jadx/MultiFormalRawParam/sources/defpackage/MultiFormalRawParam.java	380	7d015e6743c7ed99d6c7690a03fcf4ecf861a9c582097a14130d74c338cc9376
jdk8/no-debug/jadx/NullRawParam/sources/defpackage/NullRawParam.java	238	a851150cb6e01aab4844ecce9c0ebb6f65cf050e4aef37382ef53b379c9c7d87
jdk8/no-debug/jadx/PrimitiveArrayRawParam/sources/defpackage/PrimitiveArrayRawParam.java	368	331c49fc214f34eda5179d4a5fdd3a84dccbec84b083fc49d9121ea426240d11
jdk8/no-debug/jadx/RawOwnerChild/sources/defpackage/RawOwnerBase.java	141	a4256e0b800f68dffd6124722d909d24bb9958b2d27d0668e20575fd05ead39d
jdk8/no-debug/jadx/RawOwnerChild/sources/defpackage/RawOwnerChild.java	316	7b1d0110195f085b030ec850679ab6449421c0bc84e5a9decc86d154332e6a5b
jdk8/no-debug/jadx/RawParam/sources/defpackage/RawParam.java	283	12bd0a83b15704e980d959b9015f1cee6036fe3e2ea3cf799a394dd9a4732787
jdk8/no-debug/jadx/RetainedAliasRawParam/sources/defpackage/RetainedAliasRawParam.java	401	a04d278d436e9e8d24ab1aa54b93f44ae2766c59e3670b1f663515abdd163ced
jdk8/no-debug/jadx/ShadowMethodT/sources/defpackage/ShadowMethodT.java	334	a3cc4ded8594ea60b6a6aded917b5d81b18665b64ed2a0e7e869b7435445eeec
jdk8/no-debug/jadx/StaticRawLocal/sources/defpackage/StaticRawLocal.java	319	c62aaca50bf0904967018ce58649678d845644764106ae6e56fc95af81c82cd2
jdk8/no-debug/jadx/ThisReceiver/sources/defpackage/ThisReceiver.java	198	29bdbc10deda533facdba2757b0246d7b9e1284023c246cbff18c76ea9e82a3c
jdk8/no-debug/jadx/TypedReceiver/sources/defpackage/TypedReceiver.java	307	93a41a4f4f11b77fc7b06c143144ebb4254d182495e5a60594be22385b0e594b
jdk8/no-debug/jadx/WideRawParam/sources/defpackage/WideRawParam.java	325	688c4a0e9325d677f23f0a8f7c56c05436f009b6b8249eb0336dc5362904b189
jdk8/no-debug/jarde/Array2DRawParam.java	1293	84b51bbf39ee444117977442cc40e3d8c27a72fb65b6164c7b2fbdfcc4eae13c
jdk8/no-debug/jarde/Array2DRawParam.stderr.txt	44791	6a5fe09689da8b227375d72e8e153ec1539186c93cc7851677778062fab777a6
jdk8/no-debug/jarde/ArrayRawParam.java	1273	6eca13086c3cca27c7ef5ed7c3ebc60b7bd9d8daada5cdd7d9c1eb80bf88c0bf
jdk8/no-debug/jarde/ArrayRawParam.stderr.txt	44580	4a81de6b728becc9e763288dc2c9ec94a013fb5561d72866ef645ea22c576219
jdk8/no-debug/jarde/BoundRawParam.java	1345	81ee814aa442d16bedb0f72f370830c16ee2069d4e84754453ae15445e258294
jdk8/no-debug/jarde/BoundRawParam.stderr.txt	44718	0e54278d5131421170ef617ea95a2068f6bb514986fc866ba4c12a5dc870e889
jdk8/no-debug/jarde/DirectInstanceRawParam.java	1334	4a94736315b6eae244e0c86bd52673d4184206d783c03a281542fea7858efed2
jdk8/no-debug/jarde/DirectInstanceRawParam.stderr.txt	45474	c4e494cf56ad065cb4cd87eff549d51a033a9a995868bbab245dbfc947e854f6
jdk8/no-debug/jarde/InstanceRawLocal.java	1339	da10013688a30b0cc61c5f8ad8649f79792d67b4ea0d861293afdaf595225214
jdk8/no-debug/jarde/InstanceRawLocal.stderr.txt	44318	3147d272beefe8482061a73337e2835e60d3fa7b6403040a229ab05af5236d0f
jdk8/no-debug/jarde/MultiFormalRawParam.java	1690	25dc6e16e8b9f5a62fe2333fe44c3491fde8f6d40b762bca42951af6d817bbd1
jdk8/no-debug/jarde/MultiFormalRawParam.stderr.txt	52324	4daf176276ad2f2a0c84a4a6120b2fe9d2c8fc33e1fb721113ab3f39d491b921
jdk8/no-debug/jarde/NullRawParam.java	1199	d68300b3bdd64dc0a1769de4c77a88e3eebccc14b47a17dc3e1ee4f8165ca2e2
jdk8/no-debug/jarde/NullRawParam.stderr.txt	43807	e0d786a27af6096c5b29e16e5dd22fed5db2825f91f62e7e78eba6e904f88cc7
jdk8/no-debug/jarde/PrimitiveArrayRawParam.java	1295	90298d00e9daee2bf9bea1ca50260dee0b170c49e8bc25e85ffbce8789fa2c77
jdk8/no-debug/jarde/PrimitiveArrayRawParam.stderr.txt	44977	b819c654e85b5c8119bee3bdb27db9c97aa3cf86393ad9e008e0a0bbbcf28d2a
jdk8/no-debug/jarde/RawOwnerBase.java	888	f400195673e17b46cfe5e1ecf2dfa6ad1e569fc2a83c23d92202a00ba21aba24
jdk8/no-debug/jarde/RawOwnerBase.stderr.txt	24645	4dfa3eb4dc416af4a763afe07a32898d77d48d81c15cf347cc0792800e711161
jdk8/no-debug/jarde/RawOwnerChild.java	1233	8bc50b0f6cb5bc0a65e96706a623c1fc4bc19fa7d9d3586ebaace845198a1015
jdk8/no-debug/jarde/RawOwnerChild.stderr.txt	42646	a2f5e962fd6e9a5a433048961d302ad04a809d064ae014bbedd2a4993edb60f6
jdk8/no-debug/jarde/RawParam.java	1226	deadf9d5abebeb93b29bb8330dd107c0f9f84ba1ddfa430103fcb8261f91caa4
jdk8/no-debug/jarde/RawParam.stderr.txt	44017	a8d38d9d8f1d04de7c3442a3747248aad2b303993ff86730718b835b475759e0
jdk8/no-debug/jarde/RetainedAliasRawParam.java	1430	e3536151d6425f7cf9e601be73cd6fccdb94be39c2157ee6ae0f84a8c7d364e5
jdk8/no-debug/jarde/RetainedAliasRawParam.stderr.txt	51979	58c2537e8ae6dc9ecb52bff49f79bd43d37c49304d3d13b1870c4274a387acce
jdk8/no-debug/jarde/ShadowMethodT.java	2044	b04b610fd3bcae70366460c87281526e1a77989a2393c91d4e0cf746fee52a9a
jdk8/no-debug/jarde/ShadowMethodT.stderr.txt	48390	d55b8ef825faccbbd5c9885e7eb2cb8ba0869c0a6a7ffd701bf3fd9a0d85094d
jdk8/no-debug/jarde/StaticRawLocal.java	1314	fd3a53f3051037b2d49c8966c16550fc2360b0f7494664a72673443748783747
jdk8/no-debug/jarde/StaticRawLocal.stderr.txt	48407	7ef2ab6b412175bd66a42166f5452a26da01e8e37b10ed594fe7c075c26133c3
jdk8/no-debug/jarde/ThisReceiver.java	1328	0c40a3e0e09b0e97ca13b527dcc647a9f01c29a3f73f31f6d7de68b4408b0d8f
jdk8/no-debug/jarde/ThisReceiver.stderr.txt	44228	3df4a3486ceeda9185beca48ded92abcad6df3a66f79b8a642f3b646540ffd6a
jdk8/no-debug/jarde/TypedReceiver.java	1802	50c3079f863db603a415bf7cc07cdbc4457249ab9e0bfadcb21fa7b4aaccd53b
jdk8/no-debug/jarde/TypedReceiver.stderr.txt	47727	538a0249f308d798b11cc367bd1668dae69edfc0a2134937db4def4c387b7b9e
jdk8/no-debug/jarde/WideRawParam.java	1286	1fffb038dc24c28f794c348a356b25bf8f3cac2017e72733ba1b38208c722010
jdk8/no-debug/jarde/WideRawParam.stderr.txt	44563	a86655dd5b311c908ed2eb9e4dee46dd66f857ca4e5ddbb0cd78f42849adda32
jdk8/no-debug/javap/Array2DRawParam.txt	2159	9085a4808db8ad5e0144f9e80b3bd5fb71cc39d9128c891f71ebe19da37b12d7
jdk8/no-debug/javap/ArrayRawParam.txt	2135	24ed418999b82029ba80cfe7fb5f5170b36d811fe7db60dc4fc424f0dac2188f
jdk8/no-debug/javap/BoundRawParam.txt	2204	35328488ae05ff6cb9f5ea7516ee2ff849fd1910c1da48b8be5d2290ccf91aaf
jdk8/no-debug/javap/DirectInstanceRawParam.txt	2193	4957d9f929264dc89c0ce8e20c5518e881a8862ea97e61f11d9ed818e6cd5b73
jdk8/no-debug/javap/InstanceRawLocal.txt	2120	d7aad3786566a8bfdffbfabdf54ee56978abafe2c5c4f9154f892c01bf836281
jdk8/no-debug/javap/MultiFormalRawParam.txt	2782	576d418084006c3432ae54bde722c5e1f3329fa92d098f3b84fce07ff58a8b83
jdk8/no-debug/javap/NullRawParam.txt	2062	9a59b31b98a5661258bcaf443731f7673ffb6ced1e6bd1a1aed6f998cc92b6f1
jdk8/no-debug/javap/PrimitiveArrayRawParam.txt	2169	275f1e044e17248fbec53bb33c68fcd2bb7a3501f996d9ede23b698af39fc073
jdk8/no-debug/javap/RawOwnerChild.txt	1949	4b6867ba7a8ffd26d6b4167344e0025c5756c4895040f1f7d5ebe1ad40a3deed
jdk8/no-debug/javap/RawParam.txt	2072	cc2c68d9572b763ce658882d9210752a0cd40c7a38cb210d8abbc6ba5f6aa291
jdk8/no-debug/javap/RetainedAliasRawParam.txt	2310	b9fe7985316c785d39a3760244459ca1200626315058c1b0a2d5baa16cb822cb
jdk8/no-debug/javap/ShadowMethodT.txt	2629	f4bcacef3b8048d7270b588c9fdc067893b945c368750d1d7f1bf6f89da099c2
jdk8/no-debug/javap/StaticRawLocal.txt	2173	f524d996d106d91974cf2b6d64dbe542b10606b0499411bdcd62f1698717625a
jdk8/no-debug/javap/ThisReceiver.txt	2124	6ca1c12ab28e407f2ebce7f75369b2122364e2218c6c3c7543db1144a7b80a60
jdk8/no-debug/javap/TypedReceiver.txt	2540	95eafd92fd08eea310d88bc1cd1cde1bca66ce8f8eeeb6801efc78caaa685a15
jdk8/no-debug/javap/WideRawParam.txt	2138	d09c8be9c649a1712af9cc5e05f0f9f4b726e1dccedf88236075288c3e34e0a5
jdk8/no-debug/runtime/Array2DRawParam.jadx.txt	757	8a25af8b8504893fffac8c1872e3c93e85925b6aa0b3d9ff5f62750cee2ba267
jdk8/no-debug/runtime/Array2DRawParam.jarde.txt	691	f48a2d307b1f6c7abb8d91e7a8ed8a5ccc87d07c1114588c08ddfb0808240329
jdk8/no-debug/runtime/Array2DRawParam.original.txt	691	f48a2d307b1f6c7abb8d91e7a8ed8a5ccc87d07c1114588c08ddfb0808240329
jdk8/no-debug/runtime/ArrayRawParam.jadx.txt	740	65890eea8fe7c3065fbc2f644c7253d5354fdffeba56efc1a47107d7914063b6
jdk8/no-debug/runtime/ArrayRawParam.jarde.txt	674	d51f3b7d45328701a337bb2285770bcd1cf8f2179c66734c318010571e65ac8b
jdk8/no-debug/runtime/ArrayRawParam.original.txt	674	d51f3b7d45328701a337bb2285770bcd1cf8f2179c66734c318010571e65ac8b
jdk8/no-debug/runtime/BoundRawParam.jadx.txt	817	bdeb71e6ccb9da375831745c55c6fa5137fd29b7007948eecaea74516d6991ca
jdk8/no-debug/runtime/BoundRawParam.jarde.txt	740	0c5cb2a465e5db671d09e57d82dc7d2279cee6ef898da3154a4cac90f5c80de8
jdk8/no-debug/runtime/BoundRawParam.original.txt	740	0c5cb2a465e5db671d09e57d82dc7d2279cee6ef898da3154a4cac90f5c80de8
jdk8/no-debug/runtime/DirectInstanceRawParam.jadx.txt	777	b3cda9506188b60dd9d215bc5efd1dafb315f344e7cea3910361ebe407f0cc9b
jdk8/no-debug/runtime/DirectInstanceRawParam.jarde.txt	711	9358c79b8f63417a168963e9dc02e1e1359ee5bda8614638bec755f01d5683be
jdk8/no-debug/runtime/DirectInstanceRawParam.original.txt	711	9358c79b8f63417a168963e9dc02e1e1359ee5bda8614638bec755f01d5683be
jdk8/no-debug/runtime/InstanceRawLocal.jarde.txt	594	c4a0fd4eb5e838df4c7116cc09d11740387e51309b8dd9c85cb1eac73adb9692
jdk8/no-debug/runtime/InstanceRawLocal.original.txt	624	b5f800a25ef5e547f36ccdecb9d6798cca74aee4a8a677d83bd449aea30f57e1
jdk8/no-debug/runtime/MultiFormalRawParam.jadx.txt	1277	8d284d37fb44425659f63776c8f684d596146724e653b1147b4adc2b7c50d4e2
jdk8/no-debug/runtime/MultiFormalRawParam.jarde.txt	744	8bc5d0b9f7ed8f8820c0a056a24f74615b3e6104dd1ccada41aee9975df41485
jdk8/no-debug/runtime/MultiFormalRawParam.original.txt	1167	6d16de1512a82cf13a56f94903001249dbfdb1ab81b29b817616448334e1d0c4
jdk8/no-debug/runtime/NullRawParam.jadx.txt	657	f4e759450c3306919076b843e677ebd4315a206a7a08c607258e8ee49a6eb720
jdk8/no-debug/runtime/NullRawParam.jarde.txt	591	99432d5aa83e97874597f1a0fde12c2a963ce4099787ae00fd33faff35b18418
jdk8/no-debug/runtime/NullRawParam.original.txt	591	99432d5aa83e97874597f1a0fde12c2a963ce4099787ae00fd33faff35b18418
jdk8/no-debug/runtime/PrimitiveArrayRawParam.jadx.txt	724	8dbde5389e6da69a121d5ad297157ee52bcb682d49d75d8a4bc7844fd4d1d1e8
jdk8/no-debug/runtime/PrimitiveArrayRawParam.jarde.txt	658	e156798549dd3ab3c3eced5fadfdced0789f4ee0e3f65410c291f2c46434dfba
jdk8/no-debug/runtime/PrimitiveArrayRawParam.original.txt	658	e156798549dd3ab3c3eced5fadfdced0789f4ee0e3f65410c291f2c46434dfba
jdk8/no-debug/runtime/RawOwnerChild.jadx.txt	721	2404a47a7f7c206decbce521d1ad8ca2966f33929a01a6e1cd462d7eda65b76b
jdk8/no-debug/runtime/RawOwnerChild.jarde.txt	565	e65da6d8f2478e3a0b6f43759b106518ecb2b77f17bd072cf737ed70a4ac28ad
jdk8/no-debug/runtime/RawOwnerChild.original.txt	655	c25e0c82c8f818f082f08ceef41ac63b15ed1ce4bb020bcf1eff5396c577b047
jdk8/no-debug/runtime/RawParam.jadx.txt	693	33b65814b563635c3b26f292f11a234ec9eda87fc8bbf5409c3fc0f323ad9d3d
jdk8/no-debug/runtime/RawParam.jarde.txt	627	6a2e3f1a9739b680582fea7e805eed4d712c0aaa5f345bb00d8449a502e68b6d
jdk8/no-debug/runtime/RawParam.original.txt	627	6a2e3f1a9739b680582fea7e805eed4d712c0aaa5f345bb00d8449a502e68b6d
jdk8/no-debug/runtime/RetainedAliasRawParam.jadx.txt	806	f92fd71052669f4c2419e8516949617f14ee858caeb232d80d63117f41ea2d94
jdk8/no-debug/runtime/RetainedAliasRawParam.jarde.txt	740	587147b6fcdb6f90959b73653be0302d121556b4c0626fb20a88ff47291ce8ff
jdk8/no-debug/runtime/RetainedAliasRawParam.original.txt	740	587147b6fcdb6f90959b73653be0302d121556b4c0626fb20a88ff47291ce8ff
jdk8/no-debug/runtime/ShadowMethodT.jadx.txt	1930	1c91e9e73e2b1038112652360b7e0dcd639e400df84523aac0d0102801a17264
jdk8/no-debug/runtime/ShadowMethodT.jarde.txt	863	ceb1dd45add8519cb6e22a15e06a6eab6b515c2f59d517b64ede6b379fcd7b53
jdk8/no-debug/runtime/ShadowMethodT.original.txt	1721	e491f2fc9b0efb07abdaf9da8848a50d38b4da3848f045e3268c35d95124df5a
jdk8/no-debug/runtime/StaticRawLocal.jadx.txt	729	caa078a6f6a66a11482c09645632ebb52566091c80fab4fa927b1053dce64fde
jdk8/no-debug/runtime/StaticRawLocal.jarde.txt	663	25ea87cacc91c856b41331c020cf776ffda40333d737cff0309fadf5141463b0
jdk8/no-debug/runtime/StaticRawLocal.original.txt	663	25ea87cacc91c856b41331c020cf776ffda40333d737cff0309fadf5141463b0
jdk8/no-debug/runtime/ThisReceiver.jadx.txt	697	f2c2ade79741f3c077a9767a2c86b6f9e8b3c91395a41c1c035e78ca2c19717e
jdk8/no-debug/runtime/ThisReceiver.jarde.txt	653	9916911dd761a7b0d550673bef203cb77fb4cb96733a8fb0a2184fb7d3ba65b8
jdk8/no-debug/runtime/ThisReceiver.original.txt	653	9916911dd761a7b0d550673bef203cb77fb4cb96733a8fb0a2184fb7d3ba65b8
jdk8/no-debug/runtime/TypedReceiver.jadx.txt	1106	1a07b6f4350dff1a6ca5a3e4ec3062096840ad9dbc1a6efbd816e82d4c9ccb31
jdk8/no-debug/runtime/TypedReceiver.jarde.txt	872	d7134843994e4b3ba1d434e5bdfba85531e98e0ec94492801f5dbfa4a5b0ca18
jdk8/no-debug/runtime/TypedReceiver.original.txt	974	7f08ef56194b137543c901f9bd3946d1ac0f4153f2cc202df75762d9c8052a16
jdk8/no-debug/runtime/WideRawParam.jadx.txt	753	bb098a483d7226c3ef490fd7d5502cfaae0fa2dc00a248054971f81a95f5b14e
jdk8/no-debug/runtime/WideRawParam.jarde.txt	687	9b6ad934d85edae64408a458838c3e4654befd592a41b43cedf7710c2e9b1512
jdk8/no-debug/runtime/WideRawParam.original.txt	687	9b6ad934d85edae64408a458838c3e4654befd592a41b43cedf7710c2e9b1512
jdk8/versions/java.txt	174	faab3c8a678f056adf83280dbda6950d4d51a39eaf84b2136be0a1812b62e22d
jdk8/versions/javac.txt	16	b78c3d234842235ae1b53dd6405da54b3af2b02047c45858b595870662803db8
outer-preflight-metadata.json	36894	7b6e13441771759c01e6a3f347656d98bcd443aec6e611b4dc36b8a7aae6d336
outer-run-metadata.json	38757	58fb2aaa987a94708845197350c3ccec46185f2d410bee9cff268f573edc84f1
outer-runner.stderr	0	e3b0c44298fc1c149afbf4c8996fb92427ae41e4649b934ca495991b7852b855
outer-runner.stdout	0	e3b0c44298fc1c149afbf4c8996fb92427ae41e4649b934ca495991b7852b855
replay-executed.py	15120	2c9b8233f41f13a483fa252a898f81e4602b9c7b3a0308cbc95bcd42162dc3a2
run-label.txt	18	713fb77687dcd7d19a82daace27c29cc6436faf01637dac00740cd221bca4801
runtime-comparisons.tsv	3131	59f46618900e7c2db880727853072b27009fac81285d19a5b6f6a0f72bea24b0
summary.json	15080	f1c32f8c4410a3d7886957f75e243c837e2466cbe306bc379ce6378d1f65ab7f
summary.md	2399	aa16af8d7cb6f7cfa56bc8d345f914bfee976fd26f16927a8e040f5d119dfad7
versions/frozen-input-jar-hashes.tsv	6665	01066ef00dd1d514566c806fba7b80aeb7097218a09068765fdb8422fc02cbe7
versions/jadx-cli.txt	4	9c5955fc99a60b8f6dee6cf582c4420d91e1b3e2a201f532c91e2cbdfce7fa51
versions/jarde-cli.txt	16	4e3523057f610dda085c877b3d636cbdeb15c23a541dba3b399c7c04eb4b14b5
versions/source-hashes.tsv	23664	65ed15006290c6e46b83982ea18560abe9479599177777f35a1358905d0bab2f
versions/tool-hashes.tsv	11440	03b17a779f84632a7f43562a66944e329f2747d41f7b7e84477a127aca4d169e
