source	sha256
source/Array2DRawParam.java	5bbef8f6469c09463424842bdd8b847a7f536cbec26a78a4e93ba8408be4c882
source/ArrayRawParam.java	423e853d9ce8ae640156986631be6762194245270cd80e2070d0939f581c84d4
source/BoundRawParam.java	0101effc94988a11beb9964d30ed6f88b505cd1988fd30ba82975820ddc6972a
source/DirectInstanceRawParam.java	b6a80e3802628d93702469bd6300678ef50f65f4607fb4a9feada492b202b510
source/InstanceRawLocal.java	a684ab125e58722a5b75102e826763143cac1450d0be5616c3930e3f36023093
source/MultiFormalRawParam.java	34cc89f2e08b0b33b3d473221b9bae1a3962b5d82e13241044a611cc2d67b9bf
source/NullRawParam.java	99cc5803d75e93dc0a7fed86f79893f357ea4f0754211630223df221b577b211
source/PrimitiveArrayRawParam.java	b13a23ec4548b064d48c14c544b6f2091eaeb50c1369ca1a7f4584f7673d00f3
source/RawOwnerBase.java	737bb6e89d5234b19de77c681d25f0307de04db9d984a72ccc81d788873e8ae2
source/RawOwnerChild.java	78d24079184e0635743abe91bcea4cbc9fdc2c4867eee55a5f7e60a9d5bb18a6
source/RawParam.java	eb63c19999c1f01efed1030f8e27e2f9aa128b0f7fc1cc2f264c884356650914
source/ReceiverProbe.java	a411376a5e0aef02c9da74de267722cd25c06692bf745c6446613be3da069489
source/RetainedAliasRawParam.java	6586fed7104b0ebe30107567caeb38d5aea3a6bee3d80f5535d301a504a8975d
source/ShadowMethodT.java	8f189a6fe11b9ebb78c1f557f3b25b51d5c7506a705fd86bf2adc926b8493716
source/StaticRawLocal.java	963c4aeed2be1bb85e2e4b91ed3516794fd3d8500eb4cc5a3e5c18393ed643a5
source/ThisReceiver.java	d5c55c17372dcffdbcf8af781edc6ed8ed02efde8c6be1c0826853876664ec43
source/TypedReceiver.java	bbc3ee0a4a9b73f4f46d7d5adfb7f9a2b9a9a82273e08d9e5f8b1c54592eea5d
source/WideRawParam.java	bc386bbadf6d46b77fedd3a4f57c08ae728dff84fd93b60d30062bad3a127237
gc09-raw-64-candidate-v4-cli4/jdk23/debug/jadx/Array2DRawParam/sources/defpackage/Array2DRawParam.java	d9af1990c95193456c46473f31939177a2632e34152dde0ed791caf10ac40d27
gc09-raw-64-candidate-v4-cli4/jdk23/debug/jadx/ArrayRawParam/sources/defpackage/ArrayRawParam.java	b9356814382670f5cc31457caf107ca11a4836ca88b6a2964a73120afa021457
gc09-raw-64-candidate-v4-cli4/jdk23/debug/jadx/BoundRawParam/sources/defpackage/BoundRawParam.java	4545a9f6e22269ff21bcac1e1abc69f7f9186d982c4c395eb5c10471783b9eda
gc09-raw-64-candidate-v4-cli4/jdk23/debug/jadx/DirectInstanceRawParam/sources/defpackage/DirectInstanceRawParam.java	d5a81d1a0941226f34e220c355943cd81eace76a7f72ab9c0a07e079166af029
gc09-raw-64-candidate-v4-cli4/jdk23/debug/jadx/InstanceRawLocal/sources/defpackage/InstanceRawLocal.java	183a867140d3ec0d651f1c6024251ab3805b4a7cb5736eab8893104121ed39df
gc09-raw-64-candidate-v4-cli4/jdk23/debug/jadx/MultiFormalRawParam/sources/defpackage/MultiFormalRawParam.java	46dff0ad150401facc3becf5fa2e92685a87d46f2c9b537e02a20af4e0da4072
gc09-raw-64-candidate-v4-cli4/jdk23/debug/jadx/NullRawParam/sources/defpackage/NullRawParam.java	2497fde8c7696cef28caddbb5432e9775944289511bd27767183fd2665087b19
gc09-raw-64-candidate-v4-cli4/jdk23/debug/jadx/PrimitiveArrayRawParam/sources/defpackage/PrimitiveArrayRawParam.java	6e080e95264345c55088fab59d326568454b5c431b3bd4674254c4c3f7931b0b
gc09-raw-64-candidate-v4-cli4/jdk23/debug/jadx/RawOwnerChild/sources/defpackage/RawOwnerBase.java	a4256e0b800f68dffd6124722d909d24bb9958b2d27d0668e20575fd05ead39d
gc09-raw-64-candidate-v4-cli4/jdk23/debug/jadx/RawOwnerChild/sources/defpackage/RawOwnerChild.java	ea53cd737a4ca1e297f8ae71a5ed156924a2cf3ad7c61206b43694e7cb016fde
gc09-raw-64-candidate-v4-cli4/jdk23/debug/jadx/RawParam/sources/defpackage/RawParam.java	a36e1bd1ec630ddccadc5178ea2ef1483d9b784fef412784d34d672f34d9c855
gc09-raw-64-candidate-v4-cli4/jdk23/debug/jadx/RetainedAliasRawParam/sources/defpackage/RetainedAliasRawParam.java	0d8c28f014d9873131e2277ec147645b4f2e8f88f10d96ebafa1ca68ec7519a9
gc09-raw-64-candidate-v4-cli4/jdk23/debug/jadx/ShadowMethodT/sources/defpackage/ShadowMethodT.java	e638423e067858654f869a3c38d7f38daf64e4a0855011122ace6be028722f99
gc09-raw-64-candidate-v4-cli4/jdk23/debug/jadx/StaticRawLocal/sources/defpackage/StaticRawLocal.java	0875242685024debb56daf13e862932967d9e7c860f92e7b89c872dc99a16be8
gc09-raw-64-candidate-v4-cli4/jdk23/debug/jadx/ThisReceiver/sources/defpackage/ThisReceiver.java	908f8f9ccda887868f6a515f1942aed41297b5a73a55e0a062da8faeca7b049f
gc09-raw-64-candidate-v4-cli4/jdk23/debug/jadx/TypedReceiver/sources/defpackage/TypedReceiver.java	f6885117b5b3c43020e4cede27dbe323b9d8ef2900b0d386adc3a22e1abcc97f
gc09-raw-64-candidate-v4-cli4/jdk23/debug/jadx/WideRawParam/sources/defpackage/WideRawParam.java	1b5390662572c65827dc2e38557a649a6c3f92cb2c6813556092327e680a54fd
gc09-raw-64-candidate-v4-cli4/jdk23/debug/jarde/Array2DRawParam.java	d4ba813f6f198eed97a53a5c193bca2f69698ce49b7a93aa69e279e7c27acb62
gc09-raw-64-candidate-v4-cli4/jdk23/debug/jarde/ArrayRawParam.java	c8c72849f11741a77f70b21b0436745c69e7f2e9d60ae7c7724adfd147a8faab
gc09-raw-64-candidate-v4-cli4/jdk23/debug/jarde/BoundRawParam.java	6780b9df7fd79af1b6d8e0acb289d0257a77eaa548101c8cfe3fdc3911d66eac
gc09-raw-64-candidate-v4-cli4/jdk23/debug/jarde/DirectInstanceRawParam.java	66882766f2731a7d18b72428b8ad38d8f2bd8e0183b4bf42ab71e0a8bcb56671
gc09-raw-64-candidate-v4-cli4/jdk23/debug/jarde/InstanceRawLocal.java	5739eae80933689e02968db38be749560fea18f7852efc7071bc402ac1657445
gc09-raw-64-candidate-v4-cli4/jdk23/debug/jarde/MultiFormalRawParam.java	fc2962c0aac9ec98ea86aa50ec132f77514a683ba76d7c329493e954bce56e48
gc09-raw-64-candidate-v4-cli4/jdk23/debug/jarde/NullRawParam.java	f60daa335370ba4b9535a79d8a6039e957fde7f7fbf1179b722b7dff8c1bb168
gc09-raw-64-candidate-v4-cli4/jdk23/debug/jarde/PrimitiveArrayRawParam.java	ca19f53923fbfb66917c75ea83f0d5053343cf8c6aa62b562778ef54d5028a26
gc09-raw-64-candidate-v4-cli4/jdk23/debug/jarde/RawOwnerBase.java	f400195673e17b46cfe5e1ecf2dfa6ad1e569fc2a83c23d92202a00ba21aba24
gc09-raw-64-candidate-v4-cli4/jdk23/debug/jarde/RawOwnerChild.java	85654234ed265aea8c2af90fe4353ca2be2b352c36d98476b0f89a9661e064cd
gc09-raw-64-candidate-v4-cli4/jdk23/debug/jarde/RawParam.java	e086985b6879bfbebb341e501fb7f963bc33d5623ac87904b40e011163135e9b
gc09-raw-64-candidate-v4-cli4/jdk23/debug/jarde/RetainedAliasRawParam.java	67c03164c7f4c286881d760c247bdc8ed73c851a4377db2751830cc607eb3f89
gc09-raw-64-candidate-v4-cli4/jdk23/debug/jarde/ShadowMethodT.java	4bd7e971db097e54afcb2dfe2a4ccc9029b04e3c9626bd76bd0ee0e0b5a316b4
gc09-raw-64-candidate-v4-cli4/jdk23/debug/jarde/StaticRawLocal.java	9ec274de3d0847441e7de73ff79a6d027179b6c14306c18643ee8e2346b54332
gc09-raw-64-candidate-v4-cli4/jdk23/debug/jarde/ThisReceiver.java	a97d2cf3fb8ae606b390fe7a96386fb611ca686a76a5a25889978f7e8fc03c52
gc09-raw-64-candidate-v4-cli4/jdk23/debug/jarde/TypedReceiver.java	161785be22add146d3c6fd6f56636a636935030610ccacf7511a7d7982dd2e71
gc09-raw-64-candidate-v4-cli4/jdk23/debug/jarde/WideRawParam.java	a8c2366e3a709f7941c00dff72d5921e0b3e9772cd7195d3caf1094bb0a95be9
gc09-raw-64-candidate-v4-cli4/jdk23/no-debug/jadx/Array2DRawParam/sources/defpackage/Array2DRawParam.java	7bf3005284b755fe00567641896be8ddcb1010ecdf431bb7cbd62e0fed69cd65
gc09-raw-64-candidate-v4-cli4/jdk23/no-debug/jadx/ArrayRawParam/sources/defpackage/ArrayRawParam.java	ce0ba57264c94dc463df8d3dbd6b3be4221b852d694a4a6471d38a3f13b35d4b
gc09-raw-64-candidate-v4-cli4/jdk23/no-debug/jadx/BoundRawParam/sources/defpackage/BoundRawParam.java	c728ec861a3d99357641665f0f7db8e272eda3309e78679b587b8bf8d4b156b7
gc09-raw-64-candidate-v4-cli4/jdk23/no-debug/jadx/DirectInstanceRawParam/sources/defpackage/DirectInstanceRawParam.java	d510980f6071ada1a310dd5a76fd7ff932c97703337c794fbccb526b8309c33c
gc09-raw-64-candidate-v4-cli4/jdk23/no-debug/jadx/InstanceRawLocal/sources/defpackage/InstanceRawLocal.java	183a867140d3ec0d651f1c6024251ab3805b4a7cb5736eab8893104121ed39df
gc09-raw-64-candidate-v4-cli4/jdk23/no-debug/jadx/MultiFormalRawParam/sources/defpackage/MultiFormalRawParam.java	7d015e6743c7ed99d6c7690a03fcf4ecf861a9c582097a14130d74c338cc9376
gc09-raw-64-candidate-v4-cli4/jdk23/no-debug/jadx/NullRawParam/sources/defpackage/NullRawParam.java	a851150cb6e01aab4844ecce9c0ebb6f65cf050e4aef37382ef53b379c9c7d87
gc09-raw-64-candidate-v4-cli4/jdk23/no-debug/jadx/PrimitiveArrayRawParam/sources/defpackage/PrimitiveArrayRawParam.java	331c49fc214f34eda5179d4a5fdd3a84dccbec84b083fc49d9121ea426240d11
gc09-raw-64-candidate-v4-cli4/jdk23/no-debug/jadx/RawOwnerChild/sources/defpackage/RawOwnerBase.java	a4256e0b800f68dffd6124722d909d24bb9958b2d27d0668e20575fd05ead39d
gc09-raw-64-candidate-v4-cli4/jdk23/no-debug/jadx/RawOwnerChild/sources/defpackage/RawOwnerChild.java	7b1d0110195f085b030ec850679ab6449421c0bc84e5a9decc86d154332e6a5b
gc09-raw-64-candidate-v4-cli4/jdk23/no-debug/jadx/RawParam/sources/defpackage/RawParam.java	12bd0a83b15704e980d959b9015f1cee6036fe3e2ea3cf799a394dd9a4732787
gc09-raw-64-candidate-v4-cli4/jdk23/no-debug/jadx/RetainedAliasRawParam/sources/defpackage/RetainedAliasRawParam.java	a04d278d436e9e8d24ab1aa54b93f44ae2766c59e3670b1f663515abdd163ced
gc09-raw-64-candidate-v4-cli4/jdk23/no-debug/jadx/ShadowMethodT/sources/defpackage/ShadowMethodT.java	a3cc4ded8594ea60b6a6aded917b5d81b18665b64ed2a0e7e869b7435445eeec
gc09-raw-64-candidate-v4-cli4/jdk23/no-debug/jadx/StaticRawLocal/sources/defpackage/StaticRawLocal.java	c62aaca50bf0904967018ce58649678d845644764106ae6e56fc95af81c82cd2
gc09-raw-64-candidate-v4-cli4/jdk23/no-debug/jadx/ThisReceiver/sources/defpackage/ThisReceiver.java	29bdbc10deda533facdba2757b0246d7b9e1284023c246cbff18c76ea9e82a3c
gc09-raw-64-candidate-v4-cli4/jdk23/no-debug/jadx/TypedReceiver/sources/defpackage/TypedReceiver.java	93a41a4f4f11b77fc7b06c143144ebb4254d182495e5a60594be22385b0e594b
gc09-raw-64-candidate-v4-cli4/jdk23/no-debug/jadx/WideRawParam/sources/defpackage/WideRawParam.java	688c4a0e9325d677f23f0a8f7c56c05436f009b6b8249eb0336dc5362904b189
gc09-raw-64-candidate-v4-cli4/jdk23/no-debug/jarde/Array2DRawParam.java	84b51bbf39ee444117977442cc40e3d8c27a72fb65b6164c7b2fbdfcc4eae13c
gc09-raw-64-candidate-v4-cli4/jdk23/no-debug/jarde/ArrayRawParam.java	6eca13086c3cca27c7ef5ed7c3ebc60b7bd9d8daada5cdd7d9c1eb80bf88c0bf
gc09-raw-64-candidate-v4-cli4/jdk23/no-debug/jarde/BoundRawParam.java	81ee814aa442d16bedb0f72f370830c16ee2069d4e84754453ae15445e258294
gc09-raw-64-candidate-v4-cli4/jdk23/no-debug/jarde/DirectInstanceRawParam.java	4a94736315b6eae244e0c86bd52673d4184206d783c03a281542fea7858efed2
gc09-raw-64-candidate-v4-cli4/jdk23/no-debug/jarde/InstanceRawLocal.java	da10013688a30b0cc61c5f8ad8649f79792d67b4ea0d861293afdaf595225214
gc09-raw-64-candidate-v4-cli4/jdk23/no-debug/jarde/MultiFormalRawParam.java	4b437b42cf47a3ccf750355128c463728a56d507544aa92a0cb529860058e62c
gc09-raw-64-candidate-v4-cli4/jdk23/no-debug/jarde/NullRawParam.java	d68300b3bdd64dc0a1769de4c77a88e3eebccc14b47a17dc3e1ee4f8165ca2e2
gc09-raw-64-candidate-v4-cli4/jdk23/no-debug/jarde/PrimitiveArrayRawParam.java	90298d00e9daee2bf9bea1ca50260dee0b170c49e8bc25e85ffbce8789fa2c77
gc09-raw-64-candidate-v4-cli4/jdk23/no-debug/jarde/RawOwnerBase.java	f400195673e17b46cfe5e1ecf2dfa6ad1e569fc2a83c23d92202a00ba21aba24
gc09-raw-64-candidate-v4-cli4/jdk23/no-debug/jarde/RawOwnerChild.java	8bc50b0f6cb5bc0a65e96706a623c1fc4bc19fa7d9d3586ebaace845198a1015
gc09-raw-64-candidate-v4-cli4/jdk23/no-debug/jarde/RawParam.java	deadf9d5abebeb93b29bb8330dd107c0f9f84ba1ddfa430103fcb8261f91caa4
gc09-raw-64-candidate-v4-cli4/jdk23/no-debug/jarde/RetainedAliasRawParam.java	e3536151d6425f7cf9e601be73cd6fccdb94be39c2157ee6ae0f84a8c7d364e5
gc09-raw-64-candidate-v4-cli4/jdk23/no-debug/jarde/ShadowMethodT.java	d40fba0fc2def10495115feecb8a0139d3b24cd1fb22da16660c49bde2ca9953
gc09-raw-64-candidate-v4-cli4/jdk23/no-debug/jarde/StaticRawLocal.java	fd3a53f3051037b2d49c8966c16550fc2360b0f7494664a72673443748783747
gc09-raw-64-candidate-v4-cli4/jdk23/no-debug/jarde/ThisReceiver.java	0c40a3e0e09b0e97ca13b527dcc647a9f01c29a3f73f31f6d7de68b4408b0d8f
gc09-raw-64-candidate-v4-cli4/jdk23/no-debug/jarde/TypedReceiver.java	bc23f6d670ae4739cc5c483c23851a87180cb7706f8bb4daa8c17c88625efb56
gc09-raw-64-candidate-v4-cli4/jdk23/no-debug/jarde/WideRawParam.java	1fffb038dc24c28f794c348a356b25bf8f3cac2017e72733ba1b38208c722010
gc09-raw-64-candidate-v4-cli4/jdk8/debug/jadx/Array2DRawParam/sources/defpackage/Array2DRawParam.java	d9af1990c95193456c46473f31939177a2632e34152dde0ed791caf10ac40d27
gc09-raw-64-candidate-v4-cli4/jdk8/debug/jadx/ArrayRawParam/sources/defpackage/ArrayRawParam.java	b9356814382670f5cc31457caf107ca11a4836ca88b6a2964a73120afa021457
gc09-raw-64-candidate-v4-cli4/jdk8/debug/jadx/BoundRawParam/sources/defpackage/BoundRawParam.java	4545a9f6e22269ff21bcac1e1abc69f7f9186d982c4c395eb5c10471783b9eda
gc09-raw-64-candidate-v4-cli4/jdk8/debug/jadx/DirectInstanceRawParam/sources/defpackage/DirectInstanceRawParam.java	d5a81d1a0941226f34e220c355943cd81eace76a7f72ab9c0a07e079166af029
gc09-raw-64-candidate-v4-cli4/jdk8/debug/jadx/InstanceRawLocal/sources/defpackage/InstanceRawLocal.java	183a867140d3ec0d651f1c6024251ab3805b4a7cb5736eab8893104121ed39df
gc09-raw-64-candidate-v4-cli4/jdk8/debug/jadx/MultiFormalRawParam/sources/defpackage/MultiFormalRawParam.java	46dff0ad150401facc3becf5fa2e92685a87d46f2c9b537e02a20af4e0da4072
gc09-raw-64-candidate-v4-cli4/jdk8/debug/jadx/NullRawParam/sources/defpackage/NullRawParam.java	2497fde8c7696cef28caddbb5432e9775944289511bd27767183fd2665087b19
gc09-raw-64-candidate-v4-cli4/jdk8/debug/jadx/PrimitiveArrayRawParam/sources/defpackage/PrimitiveArrayRawParam.java	6e080e95264345c55088fab59d326568454b5c431b3bd4674254c4c3f7931b0b
gc09-raw-64-candidate-v4-cli4/jdk8/debug/jadx/RawOwnerChild/sources/defpackage/RawOwnerBase.java	a4256e0b800f68dffd6124722d909d24bb9958b2d27d0668e20575fd05ead39d
gc09-raw-64-candidate-v4-cli4/jdk8/debug/jadx/RawOwnerChild/sources/defpackage/RawOwnerChild.java	ea53cd737a4ca1e297f8ae71a5ed156924a2cf3ad7c61206b43694e7cb016fde
gc09-raw-64-candidate-v4-cli4/jdk8/debug/jadx/RawParam/sources/defpackage/RawParam.java	a36e1bd1ec630ddccadc5178ea2ef1483d9b784fef412784d34d672f34d9c855
gc09-raw-64-candidate-v4-cli4/jdk8/debug/jadx/RetainedAliasRawParam/sources/defpackage/RetainedAliasRawParam.java	0d8c28f014d9873131e2277ec147645b4f2e8f88f10d96ebafa1ca68ec7519a9
gc09-raw-64-candidate-v4-cli4/jdk8/debug/jadx/ShadowMethodT/sources/defpackage/ShadowMethodT.java	e638423e067858654f869a3c38d7f38daf64e4a0855011122ace6be028722f99
gc09-raw-64-candidate-v4-cli4/jdk8/debug/jadx/StaticRawLocal/sources/defpackage/StaticRawLocal.java	0875242685024debb56daf13e862932967d9e7c860f92e7b89c872dc99a16be8
gc09-raw-64-candidate-v4-cli4/jdk8/debug/jadx/ThisReceiver/sources/defpackage/ThisReceiver.java	908f8f9ccda887868f6a515f1942aed41297b5a73a55e0a062da8faeca7b049f
gc09-raw-64-candidate-v4-cli4/jdk8/debug/jadx/TypedReceiver/sources/defpackage/TypedReceiver.java	f6885117b5b3c43020e4cede27dbe323b9d8ef2900b0d386adc3a22e1abcc97f
gc09-raw-64-candidate-v4-cli4/jdk8/debug/jadx/WideRawParam/sources/defpackage/WideRawParam.java	1b5390662572c65827dc2e38557a649a6c3f92cb2c6813556092327e680a54fd
gc09-raw-64-candidate-v4-cli4/jdk8/debug/jarde/Array2DRawParam.java	d4ba813f6f198eed97a53a5c193bca2f69698ce49b7a93aa69e279e7c27acb62
gc09-raw-64-candidate-v4-cli4/jdk8/debug/jarde/ArrayRawParam.java	c8c72849f11741a77f70b21b0436745c69e7f2e9d60ae7c7724adfd147a8faab
gc09-raw-64-candidate-v4-cli4/jdk8/debug/jarde/BoundRawParam.java	6780b9df7fd79af1b6d8e0acb289d0257a77eaa548101c8cfe3fdc3911d66eac
gc09-raw-64-candidate-v4-cli4/jdk8/debug/jarde/DirectInstanceRawParam.java	66882766f2731a7d18b72428b8ad38d8f2bd8e0183b4bf42ab71e0a8bcb56671
gc09-raw-64-candidate-v4-cli4/jdk8/debug/jarde/InstanceRawLocal.java	5739eae80933689e02968db38be749560fea18f7852efc7071bc402ac1657445
gc09-raw-64-candidate-v4-cli4/jdk8/debug/jarde/MultiFormalRawParam.java	fc2962c0aac9ec98ea86aa50ec132f77514a683ba76d7c329493e954bce56e48
gc09-raw-64-candidate-v4-cli4/jdk8/debug/jarde/NullRawParam.java	f60daa335370ba4b9535a79d8a6039e957fde7f7fbf1179b722b7dff8c1bb168
gc09-raw-64-candidate-v4-cli4/jdk8/debug/jarde/PrimitiveArrayRawParam.java	ca19f53923fbfb66917c75ea83f0d5053343cf8c6aa62b562778ef54d5028a26
gc09-raw-64-candidate-v4-cli4/jdk8/debug/jarde/RawOwnerBase.java	f400195673e17b46cfe5e1ecf2dfa6ad1e569fc2a83c23d92202a00ba21aba24
gc09-raw-64-candidate-v4-cli4/jdk8/debug/jarde/RawOwnerChild.java	85654234ed265aea8c2af90fe4353ca2be2b352c36d98476b0f89a9661e064cd
gc09-raw-64-candidate-v4-cli4/jdk8/debug/jarde/RawParam.java	e086985b6879bfbebb341e501fb7f963bc33d5623ac87904b40e011163135e9b
gc09-raw-64-candidate-v4-cli4/jdk8/debug/jarde/RetainedAliasRawParam.java	67c03164c7f4c286881d760c247bdc8ed73c851a4377db2751830cc607eb3f89
gc09-raw-64-candidate-v4-cli4/jdk8/debug/jarde/ShadowMethodT.java	4bd7e971db097e54afcb2dfe2a4ccc9029b04e3c9626bd76bd0ee0e0b5a316b4
gc09-raw-64-candidate-v4-cli4/jdk8/debug/jarde/StaticRawLocal.java	9ec274de3d0847441e7de73ff79a6d027179b6c14306c18643ee8e2346b54332
gc09-raw-64-candidate-v4-cli4/jdk8/debug/jarde/ThisReceiver.java	a97d2cf3fb8ae606b390fe7a96386fb611ca686a76a5a25889978f7e8fc03c52
gc09-raw-64-candidate-v4-cli4/jdk8/debug/jarde/TypedReceiver.java	161785be22add146d3c6fd6f56636a636935030610ccacf7511a7d7982dd2e71
gc09-raw-64-candidate-v4-cli4/jdk8/debug/jarde/WideRawParam.java	a8c2366e3a709f7941c00dff72d5921e0b3e9772cd7195d3caf1094bb0a95be9
gc09-raw-64-candidate-v4-cli4/jdk8/no-debug/jadx/Array2DRawParam/sources/defpackage/Array2DRawParam.java	7bf3005284b755fe00567641896be8ddcb1010ecdf431bb7cbd62e0fed69cd65
gc09-raw-64-candidate-v4-cli4/jdk8/no-debug/jadx/ArrayRawParam/sources/defpackage/ArrayRawParam.java	ce0ba57264c94dc463df8d3dbd6b3be4221b852d694a4a6471d38a3f13b35d4b
gc09-raw-64-candidate-v4-cli4/jdk8/no-debug/jadx/BoundRawParam/sources/defpackage/BoundRawParam.java	c728ec861a3d99357641665f0f7db8e272eda3309e78679b587b8bf8d4b156b7
gc09-raw-64-candidate-v4-cli4/jdk8/no-debug/jadx/DirectInstanceRawParam/sources/defpackage/DirectInstanceRawParam.java	d510980f6071ada1a310dd5a76fd7ff932c97703337c794fbccb526b8309c33c
gc09-raw-64-candidate-v4-cli4/jdk8/no-debug/jadx/InstanceRawLocal/sources/defpackage/InstanceRawLocal.java	183a867140d3ec0d651f1c6024251ab3805b4a7cb5736eab8893104121ed39df
gc09-raw-64-candidate-v4-cli4/jdk8/no-debug/jadx/MultiFormalRawParam/sources/defpackage/MultiFormalRawParam.java	7d015e6743c7ed99d6c7690a03fcf4ecf861a9c582097a14130d74c338cc9376
gc09-raw-64-candidate-v4-cli4/jdk8/no-debug/jadx/NullRawParam/sources/defpackage/NullRawParam.java	a851150cb6e01aab4844ecce9c0ebb6f65cf050e4aef37382ef53b379c9c7d87
gc09-raw-64-candidate-v4-cli4/jdk8/no-debug/jadx/PrimitiveArrayRawParam/sources/defpackage/PrimitiveArrayRawParam.java	331c49fc214f34eda5179d4a5fdd3a84dccbec84b083fc49d9121ea426240d11
gc09-raw-64-candidate-v4-cli4/jdk8/no-debug/jadx/RawOwnerChild/sources/defpackage/RawOwnerBase.java	a4256e0b800f68dffd6124722d909d24bb9958b2d27d0668e20575fd05ead39d
gc09-raw-64-candidate-v4-cli4/jdk8/no-debug/jadx/RawOwnerChild/sources/defpackage/RawOwnerChild.java	7b1d0110195f085b030ec850679ab6449421c0bc84e5a9decc86d154332e6a5b
gc09-raw-64-candidate-v4-cli4/jdk8/no-debug/jadx/RawParam/sources/defpackage/RawParam.java	12bd0a83b15704e980d959b9015f1cee6036fe3e2ea3cf799a394dd9a4732787
gc09-raw-64-candidate-v4-cli4/jdk8/no-debug/jadx/RetainedAliasRawParam/sources/defpackage/RetainedAliasRawParam.java	a04d278d436e9e8d24ab1aa54b93f44ae2766c59e3670b1f663515abdd163ced
gc09-raw-64-candidate-v4-cli4/jdk8/no-debug/jadx/ShadowMethodT/sources/defpackage/ShadowMethodT.java	a3cc4ded8594ea60b6a6aded917b5d81b18665b64ed2a0e7e869b7435445eeec
gc09-raw-64-candidate-v4-cli4/jdk8/no-debug/jadx/StaticRawLocal/sources/defpackage/StaticRawLocal.java	c62aaca50bf0904967018ce58649678d845644764106ae6e56fc95af81c82cd2
gc09-raw-64-candidate-v4-cli4/jdk8/no-debug/jadx/ThisReceiver/sources/defpackage/ThisReceiver.java	29bdbc10deda533facdba2757b0246d7b9e1284023c246cbff18c76ea9e82a3c
gc09-raw-64-candidate-v4-cli4/jdk8/no-debug/jadx/TypedReceiver/sources/defpackage/TypedReceiver.java	93a41a4f4f11b77fc7b06c143144ebb4254d182495e5a60594be22385b0e594b
gc09-raw-64-candidate-v4-cli4/jdk8/no-debug/jadx/WideRawParam/sources/defpackage/WideRawParam.java	688c4a0e9325d677f23f0a8f7c56c05436f009b6b8249eb0336dc5362904b189
gc09-raw-64-candidate-v4-cli4/jdk8/no-debug/jarde/Array2DRawParam.java	84b51bbf39ee444117977442cc40e3d8c27a72fb65b6164c7b2fbdfcc4eae13c
gc09-raw-64-candidate-v4-cli4/jdk8/no-debug/jarde/ArrayRawParam.java	6eca13086c3cca27c7ef5ed7c3ebc60b7bd9d8daada5cdd7d9c1eb80bf88c0bf
gc09-raw-64-candidate-v4-cli4/jdk8/no-debug/jarde/BoundRawParam.java	81ee814aa442d16bedb0f72f370830c16ee2069d4e84754453ae15445e258294
gc09-raw-64-candidate-v4-cli4/jdk8/no-debug/jarde/DirectInstanceRawParam.java	4a94736315b6eae244e0c86bd52673d4184206d783c03a281542fea7858efed2
gc09-raw-64-candidate-v4-cli4/jdk8/no-debug/jarde/InstanceRawLocal.java	da10013688a30b0cc61c5f8ad8649f79792d67b4ea0d861293afdaf595225214
gc09-raw-64-candidate-v4-cli4/jdk8/no-debug/jarde/MultiFormalRawParam.java	4b437b42cf47a3ccf750355128c463728a56d507544aa92a0cb529860058e62c
gc09-raw-64-candidate-v4-cli4/jdk8/no-debug/jarde/NullRawParam.java	d68300b3bdd64dc0a1769de4c77a88e3eebccc14b47a17dc3e1ee4f8165ca2e2
gc09-raw-64-candidate-v4-cli4/jdk8/no-debug/jarde/PrimitiveArrayRawParam.java	90298d00e9daee2bf9bea1ca50260dee0b170c49e8bc25e85ffbce8789fa2c77
gc09-raw-64-candidate-v4-cli4/jdk8/no-debug/jarde/RawOwnerBase.java	f400195673e17b46cfe5e1ecf2dfa6ad1e569fc2a83c23d92202a00ba21aba24
gc09-raw-64-candidate-v4-cli4/jdk8/no-debug/jarde/RawOwnerChild.java	8bc50b0f6cb5bc0a65e96706a623c1fc4bc19fa7d9d3586ebaace845198a1015
gc09-raw-64-candidate-v4-cli4/jdk8/no-debug/jarde/RawParam.java	deadf9d5abebeb93b29bb8330dd107c0f9f84ba1ddfa430103fcb8261f91caa4
gc09-raw-64-candidate-v4-cli4/jdk8/no-debug/jarde/RetainedAliasRawParam.java	e3536151d6425f7cf9e601be73cd6fccdb94be39c2157ee6ae0f84a8c7d364e5
gc09-raw-64-candidate-v4-cli4/jdk8/no-debug/jarde/ShadowMethodT.java	d40fba0fc2def10495115feecb8a0139d3b24cd1fb22da16660c49bde2ca9953
gc09-raw-64-candidate-v4-cli4/jdk8/no-debug/jarde/StaticRawLocal.java	fd3a53f3051037b2d49c8966c16550fc2360b0f7494664a72673443748783747
gc09-raw-64-candidate-v4-cli4/jdk8/no-debug/jarde/ThisReceiver.java	0c40a3e0e09b0e97ca13b527dcc647a9f01c29a3f73f31f6d7de68b4408b0d8f
gc09-raw-64-candidate-v4-cli4/jdk8/no-debug/jarde/TypedReceiver.java	bc23f6d670ae4739cc5c483c23851a87180cb7706f8bb4daa8c17c88625efb56
gc09-raw-64-candidate-v4-cli4/jdk8/no-debug/jarde/WideRawParam.java	1fffb038dc24c28f794c348a356b25bf8f3cac2017e72733ba1b38208c722010
tests/fixtures/raw-receiver-field-selection/Array2DRawParam.java	5bbef8f6469c09463424842bdd8b847a7f536cbec26a78a4e93ba8408be4c882
tests/fixtures/raw-receiver-field-selection/ArrayRawParam.java	423e853d9ce8ae640156986631be6762194245270cd80e2070d0939f581c84d4
tests/fixtures/raw-receiver-field-selection/BoundRawParam.java	0101effc94988a11beb9964d30ed6f88b505cd1988fd30ba82975820ddc6972a
tests/fixtures/raw-receiver-field-selection/DirectInstanceRawParam.java	b6a80e3802628d93702469bd6300678ef50f65f4607fb4a9feada492b202b510
tests/fixtures/raw-receiver-field-selection/InstanceRawLocal.java	a684ab125e58722a5b75102e826763143cac1450d0be5616c3930e3f36023093
tests/fixtures/raw-receiver-field-selection/MultiFormalRawParam.java	34cc89f2e08b0b33b3d473221b9bae1a3962b5d82e13241044a611cc2d67b9bf
tests/fixtures/raw-receiver-field-selection/NestedAliasRawParam.java	6922f584d25283fe375a884992fc14fb01adfa4c3de98eae308965aff4c5a3f4
tests/fixtures/raw-receiver-field-selection/NullRawParam.java	99cc5803d75e93dc0a7fed86f79893f357ea4f0754211630223df221b577b211
tests/fixtures/raw-receiver-field-selection/PrimitiveArrayRawParam.java	b13a23ec4548b064d48c14c544b6f2091eaeb50c1369ca1a7f4584f7673d00f3
tests/fixtures/raw-receiver-field-selection/RawOwnerBase.java	737bb6e89d5234b19de77c681d25f0307de04db9d984a72ccc81d788873e8ae2
tests/fixtures/raw-receiver-field-selection/RawOwnerChild.java	78d24079184e0635743abe91bcea4cbc9fdc2c4867eee55a5f7e60a9d5bb18a6
tests/fixtures/raw-receiver-field-selection/RawParam.java	eb63c19999c1f01efed1030f8e27e2f9aa128b0f7fc1cc2f264c884356650914
tests/fixtures/raw-receiver-field-selection/ReboundAliasRawParam.java	5c612fae5e55505115d8b5198a68d8ad28f51a21d74a8c1227ec5b64d018e670
tests/fixtures/raw-receiver-field-selection/ReceiverProbe.java	05004171a6aa8ca2cceddd47820b6ec59a1d3b8618e4b790f289e9bd4279732d
tests/fixtures/raw-receiver-field-selection/RetainedAliasRawParam.java	6586fed7104b0ebe30107567caeb38d5aea3a6bee3d80f5535d301a504a8975d
tests/fixtures/raw-receiver-field-selection/ShadowMethodT.java	8f189a6fe11b9ebb78c1f557f3b25b51d5c7506a705fd86bf2adc926b8493716
tests/fixtures/raw-receiver-field-selection/StaticRawLocal.java	963c4aeed2be1bb85e2e4b91ed3516794fd3d8500eb4cc5a3e5c18393ed643a5
tests/fixtures/raw-receiver-field-selection/SyntheticAccessorGuard.java	a139e984316f3a9f052ed1f339314f7cd12c7eb779eef92dca42daa0eebce1fd
tests/fixtures/raw-receiver-field-selection/ThisReceiver.java	d5c55c17372dcffdbcf8af781edc6ed8ed02efde8c6be1c0826853876664ec43
tests/fixtures/raw-receiver-field-selection/TypedReceiver.java	bbc3ee0a4a9b73f4f46d7d5adfb7f9a2b9a9a82273e08d9e5f8b1c54592eea5d
tests/fixtures/raw-receiver-field-selection/UnknownWriter.java	fa1d8e129e73283c11fa32fb592b052106aa31ace4969eb0990296bd7277c5af
tests/fixtures/raw-receiver-field-selection/UnsafeOtherWriter.java	24f48ba3edf092f5286fbea9fc66b6f326af32c9681def57a3c1dfe7b4dffde0
tests/fixtures/raw-receiver-field-selection/WideRawParam.java	bc386bbadf6d46b77fedd3a4f57c08ae728dff84fd93b60d30062bad3a127237
