tool	path	sha256
jarde-cli	/private/tmp/jarde-generic-calls-candidate-v4-cli	f6fe20c6dfb4be1673ba58e4536b4f8b1da38efe1ee991285b77dbd429717525
jadx-cli	/Users/lordcasser/workspace/testzone/jadx/jadx-cli/build/install/jadx/bin/jadx	5d115ed2ecb34b2f96ae80704b966ffa3d9cce33c2de3cdf8d348a8159b116e3
jadx-lib/ST4-4.0.8.jar	/Users/lordcasser/workspace/testzone/jadx/jadx-cli/build/install/jadx/lib/ST4-4.0.8.jar	58caabc40c9f74b0b5993fd868e0f64a50c0759094e6a251aaafad98edfc7a3b
jadx-lib/aapt2-proto-9.2.1-15009934.jar	/Users/lordcasser/workspace/testzone/jadx/jadx-cli/build/install/jadx/lib/aapt2-proto-9.2.1-15009934.jar	2335bab7fd8269ee98d3843410c4a5553d31dd71f9a22f49b21a676d3139c882
jadx-lib/annotations-13.0.jar	/Users/lordcasser/workspace/testzone/jadx/jadx-cli/build/install/jadx/lib/annotations-13.0.jar	ace2a10dc8e2d5fd34925ecac03e4988b2c0f851650c94b8cef49ba1bd111478
jadx-lib/antlr-2.7.7.jar	/Users/lordcasser/workspace/testzone/jadx/jadx-cli/build/install/jadx/lib/antlr-2.7.7.jar	88fbda4b912596b9f56e8e12e580cc954bacfb51776ecfddd3e18fc1cf56dc4c
jadx-lib/antlr-3.5.2.jar	/Users/lordcasser/workspace/testzone/jadx/jadx-cli/build/install/jadx/lib/antlr-3.5.2.jar	5ac36c2acfb0a0f3d37dafe20b5b570f2643e2d000c648d44503c2738be643df
jadx-lib/antlr-runtime-3.5.2.jar	/Users/lordcasser/workspace/testzone/jadx/jadx-cli/build/install/jadx/lib/antlr-runtime-3.5.2.jar	ce3fc8ecb10f39e9a3cddcbb2ce350d272d9cd3d0b1e18e6fe73c3b9389c8734
jadx-lib/asm-9.10.1.jar	/Users/lordcasser/workspace/testzone/jadx/jadx-cli/build/install/jadx/lib/asm-9.10.1.jar	ed825d10ab1399c8c0cb669e688cf0c8c82629b4c8399b58352b68e92ca10fcb
jadx-lib/bundletool-1.18.3.jar	/Users/lordcasser/workspace/testzone/jadx/jadx-cli/build/install/jadx/lib/bundletool-1.18.3.jar	ccad18514fd97db010856b2bbed40f481f8ba9349368c97ae54d72e3567d0171
jadx-lib/checker-qual-3.12.0.jar	/Users/lordcasser/workspace/testzone/jadx/jadx-cli/build/install/jadx/lib/checker-qual-3.12.0.jar	ff10785ac2a357ec5de9c293cb982a2cbb605c0309ea4cc1cb9b9bc6dbe7f3cb
jadx-lib/commons-io-2.22.0.jar	/Users/lordcasser/workspace/testzone/jadx/jadx-cli/build/install/jadx/lib/commons-io-2.22.0.jar	2b9a7b1f726fb86216dbd2c8321eabe0221dbd5b1be81c18e1cb53811b104758
jadx-lib/dalvik-dx-16.0.1.jar	/Users/lordcasser/workspace/testzone/jadx/jadx-cli/build/install/jadx/lib/dalvik-dx-16.0.1.jar	1e4b645628e3bdb097b5331d669e177ef235a551582a8c646dbe36865e541907
jadx-lib/directories-0.1.4.jar	/Users/lordcasser/workspace/testzone/jadx/jadx-cli/build/install/jadx/lib/directories-0.1.4.jar	8fcced97ce6a4126841bbfe3fd1905c0857df17a8261606477ded16404ecb218
jadx-lib/directories-jni-0.1.4.jar	/Users/lordcasser/workspace/testzone/jadx/jadx-cli/build/install/jadx/lib/directories-jni-0.1.4.jar	d42a03703e94c17518ef0c36a295a4aef03e977b5b4d8d7c276fe4ab17387c76
jadx-lib/error_prone_annotations-2.48.0.jar	/Users/lordcasser/workspace/testzone/jadx/jadx-cli/build/install/jadx/lib/error_prone_annotations-2.48.0.jar	b49c5c958316ed67a09c699dda9aa749caf434d51d863dea599ef36a49b9c855
jadx-lib/failureaccess-1.0.1.jar	/Users/lordcasser/workspace/testzone/jadx/jadx-cli/build/install/jadx/lib/failureaccess-1.0.1.jar	a171ee4c734dd2da837e4b16be9df4661afab72a41adaf31eb84dfdaf936ca26
jadx-lib/gson-2.14.0.jar	/Users/lordcasser/workspace/testzone/jadx/jadx-cli/build/install/jadx/lib/gson-2.14.0.jar	2cbd119bf1961c28788310963dc80ba65f58cdeec1dd139c8bdb1240faa2c36f
jadx-lib/guava-31.1-android.jar	/Users/lordcasser/workspace/testzone/jadx/jadx-cli/build/install/jadx/lib/guava-31.1-android.jar	32ac2ed709d96d278b5d2e3e5cea178fa4939939c525fb647532f013308db309
jadx-lib/j2objc-annotations-1.3.jar	/Users/lordcasser/workspace/testzone/jadx/jadx-cli/build/install/jadx/lib/j2objc-annotations-1.3.jar	21af30c92267bd6122c0e0b4d20cccb6641a37eaf956c6540ec471d584e64a7b
jadx-lib/jadx-aab-input-dev.jar	/Users/lordcasser/workspace/testzone/jadx/jadx-cli/build/install/jadx/lib/jadx-aab-input-dev.jar	f30806220f2a88adb380361e916d56ab570b0f71b966de122438f06ecdde8e68
jadx-lib/jadx-analysis-dev.jar	/Users/lordcasser/workspace/testzone/jadx/jadx-cli/build/install/jadx/lib/jadx-analysis-dev.jar	5da6268acead5b759109f661000f90552c7ddc8d63f567f3204d24b9d462693e
jadx-lib/jadx-apkm-input-dev.jar	/Users/lordcasser/workspace/testzone/jadx/jadx-cli/build/install/jadx/lib/jadx-apkm-input-dev.jar	850dcc38e02553c2fe0bb0656da7b7fee3daa764b446ac557010d101c06522c9
jadx-lib/jadx-apks-input-dev.jar	/Users/lordcasser/workspace/testzone/jadx/jadx-cli/build/install/jadx/lib/jadx-apks-input-dev.jar	1a38d2c9e661f740d4a5e03c7f6b53b5c0dc8e0dec0059df17a251a9e2df8e3a
jadx-lib/jadx-app-commons-dev.jar	/Users/lordcasser/workspace/testzone/jadx/jadx-cli/build/install/jadx/lib/jadx-app-commons-dev.jar	05831884105a25dd70407af9d0c20f3d52417169713527ac5b60c742b4e83dc2
jadx-lib/jadx-cli-dev.jar	/Users/lordcasser/workspace/testzone/jadx/jadx-cli/build/install/jadx/lib/jadx-cli-dev.jar	d56d54d7fd2317f21a2fc79ee295afb4144bdbb8354d591f51253beb814fd3bd
jadx-lib/jadx-core-dev.jar	/Users/lordcasser/workspace/testzone/jadx/jadx-cli/build/install/jadx/lib/jadx-core-dev.jar	96fd84c2af69221c5e5fb436d17f7bf82b3d341cd8e5945b4fb1511d7b210c07
jadx-lib/jadx-dex-input-dev.jar	/Users/lordcasser/workspace/testzone/jadx/jadx-cli/build/install/jadx/lib/jadx-dex-input-dev.jar	c2f001b559454cf60a91e8271ce4e9bf36a27da00c9e34024e5cad0fe5350350
jadx-lib/jadx-input-api-dev.jar	/Users/lordcasser/workspace/testzone/jadx/jadx-cli/build/install/jadx/lib/jadx-input-api-dev.jar	99de1970d3a09078b70bea67435db86ecf445b1e2fb70c2151365573019fd861
jadx-lib/jadx-java-convert-dev.jar	/Users/lordcasser/workspace/testzone/jadx/jadx-cli/build/install/jadx/lib/jadx-java-convert-dev.jar	684bc9196734c33cc1ed27c0d9e2d3f8fb3d43157185ed840a28f1b3e60ceef6
jadx-lib/jadx-java-input-dev.jar	/Users/lordcasser/workspace/testzone/jadx/jadx-cli/build/install/jadx/lib/jadx-java-input-dev.jar	8dcb1b51ba1df4d0411f42231f9678909bc0c78278ba56f991278f446c3d8b88
jadx-lib/jadx-kotlin-metadata-dev.jar	/Users/lordcasser/workspace/testzone/jadx/jadx-cli/build/install/jadx/lib/jadx-kotlin-metadata-dev.jar	b82cd7287befd7b2e7a4c40b284e419d19c0833845ba316af9b1d3603d73be0f
jadx-lib/jadx-kotlin-source-debug-extension-dev.jar	/Users/lordcasser/workspace/testzone/jadx/jadx-cli/build/install/jadx/lib/jadx-kotlin-source-debug-extension-dev.jar	c17d6e9be1dff38a989e4da2d90e416c5acfa0db5a84f507b184c4aa76cb7790
jadx-lib/jadx-plugins-tools-dev.jar	/Users/lordcasser/workspace/testzone/jadx/jadx-cli/build/install/jadx/lib/jadx-plugins-tools-dev.jar	5cdc695eaf8ee890d3289a006486114b7eb9c26b0e443633542d562c70b22f2d
jadx-lib/jadx-rename-mappings-dev.jar	/Users/lordcasser/workspace/testzone/jadx/jadx-cli/build/install/jadx/lib/jadx-rename-mappings-dev.jar	c19ef20e1d472ebfe9e2584fafc4deae09d24f0d64f85d4ce48e8c95cfcb28b9
jadx-lib/jadx-smali-input-dev.jar	/Users/lordcasser/workspace/testzone/jadx/jadx-cli/build/install/jadx/lib/jadx-smali-input-dev.jar	9acfdc3d06957dbdf69a7c246b0df63721185e13a04416621998d3aa234ecb81
jadx-lib/jadx-xapk-input-dev.jar	/Users/lordcasser/workspace/testzone/jadx/jadx-cli/build/install/jadx/lib/jadx-xapk-input-dev.jar	a6172bac0b632bc0b6f177209fbdf4305a5365e33b47cd6513c83e71670db73e
jadx-lib/jadx-zip-dev.jar	/Users/lordcasser/workspace/testzone/jadx/jadx-cli/build/install/jadx/lib/jadx-zip-dev.jar	4fb876aa38250f57e9afe0562aa6811fe7a152f57b1f098aaed80e63e2333d48
jadx-lib/javax.inject-1.jar	/Users/lordcasser/workspace/testzone/jadx/jadx-cli/build/install/jadx/lib/javax.inject-1.jar	91c77044a50c481636c32d916fd89c9118a72195390452c81065080f957de7ff
jadx-lib/jcommander-2.0.jar	/Users/lordcasser/workspace/testzone/jadx/jadx-cli/build/install/jadx/lib/jcommander-2.0.jar	62fc1edc0ac44b033d70698443750e36ffeb87386cb1d7b294b0ea34384e122c
jadx-lib/jsr305-3.0.2.jar	/Users/lordcasser/workspace/testzone/jadx/jadx-cli/build/install/jadx/lib/jsr305-3.0.2.jar	766ad2a0783f2687962c8ad74ceecc38a28b9f72a2d085ee438b7813e928d0c7
jadx-lib/kotlin-metadata-jvm-2.4.10.jar	/Users/lordcasser/workspace/testzone/jadx/jadx-cli/build/install/jadx/lib/kotlin-metadata-jvm-2.4.10.jar	233aaa84ca268e26d6d3a99ce30401e6dc111a7ae10e0a0b4794ce6351d7adc4
jadx-lib/kotlin-reflect-2.4.10.jar	/Users/lordcasser/workspace/testzone/jadx/jadx-cli/build/install/jadx/lib/kotlin-reflect-2.4.10.jar	25a1aef7454d46548ecaaf51021b0e52e38141a62ed75af124da109b7324c4e5
jadx-lib/kotlin-stdlib-2.4.10.jar	/Users/lordcasser/workspace/testzone/jadx/jadx-cli/build/install/jadx/lib/kotlin-stdlib-2.4.10.jar	4ec0293bc3751423b203f1d8493251c57c42e73eb6377a6b8560d0974ff0a6df
jadx-lib/listenablefuture-9999.0-empty-to-avoid-conflict-with-guava.jar	/Users/lordcasser/workspace/testzone/jadx/jadx-cli/build/install/jadx/lib/listenablefuture-9999.0-empty-to-avoid-conflict-with-guava.jar	b372a037d4230aa57fbeffdef30fd6123f9c0c2db85d0aced00c91b974f33f99
jadx-lib/logback-classic-1.6.3.jar	/Users/lordcasser/workspace/testzone/jadx/jadx-cli/build/install/jadx/lib/logback-classic-1.6.3.jar	beebede8db065fe1b72909ecc66bb49acda618901635d86c25fce14a5915e37e
jadx-lib/logback-core-1.6.3.jar	/Users/lordcasser/workspace/testzone/jadx/jadx-cli/build/install/jadx/lib/logback-core-1.6.3.jar	a6967a28c8b086dee75a694d2f6fb8830c71153539866d7d8af065c9b6df91e0
jadx-lib/mapping-io-0.9.1.jar	/Users/lordcasser/workspace/testzone/jadx/jadx-cli/build/install/jadx/lib/mapping-io-0.9.1.jar	aedc94b25a2fe7c09c898144ce33a1ef396680e984b07525d34916922d6ee3f4
jadx-lib/protobuf-java-3.25.9.jar	/Users/lordcasser/workspace/testzone/jadx/jadx-cli/build/install/jadx/lib/protobuf-java-3.25.9.jar	df18b719cd0c5a11e569013216cc9de47a0a954adeede685c0f98ce4c42d4d1a
jadx-lib/r8-9.4.17.jar	/Users/lordcasser/workspace/testzone/jadx/jadx-cli/build/install/jadx/lib/r8-9.4.17.jar	2100511344497f041644a4d63fb7be8a516ce9bace30b7d17ab27cc93a0e58d4
jadx-lib/raung-common-0.1.1.jar	/Users/lordcasser/workspace/testzone/jadx/jadx-cli/build/install/jadx/lib/raung-common-0.1.1.jar	6edf3a349db9fdebb5fbb67560be1f70497666c350ec3eaf54d7fcb00de7a481
jadx-lib/raung-disasm-0.1.1.jar	/Users/lordcasser/workspace/testzone/jadx/jadx-cli/build/install/jadx/lib/raung-disasm-0.1.1.jar	f26401bc7159c301ebfd818699ea104d3affba79d2397e882d0fba29bcfbd2f3
jadx-lib/slf4j-api-2.0.18.jar	/Users/lordcasser/workspace/testzone/jadx/jadx-cli/build/install/jadx/lib/slf4j-api-2.0.18.jar	44508fd1576500688c790b190acdd16fec4f8c79a3e0b900afd70503cf055f55
jadx-lib/smali-3.0.9.jar	/Users/lordcasser/workspace/testzone/jadx/jadx-cli/build/install/jadx/lib/smali-3.0.9.jar	98e917b1b1e4f5aa48e74c97fee786645725e9b79e9842e3d7e50f65896553f1
jadx-lib/smali-baksmali-3.0.9.jar	/Users/lordcasser/workspace/testzone/jadx/jadx-cli/build/install/jadx/lib/smali-baksmali-3.0.9.jar	e7d0166945565a87f3997d1aea8779202dbb6cb0585a39ee20bab8a2f5ba87f6
jadx-lib/smali-dexlib2-3.0.9.jar	/Users/lordcasser/workspace/testzone/jadx/jadx-cli/build/install/jadx/lib/smali-dexlib2-3.0.9.jar	8b547506f62f91d74b70f4beb4989b99e1ff61fc50b2525e9796ca35f0a351dc
jadx-lib/smali-util-3.0.9.jar	/Users/lordcasser/workspace/testzone/jadx/jadx-cli/build/install/jadx/lib/smali-util-3.0.9.jar	4673762894ba4156081fc5c642f74d6e78aef8b1a9c7702d691e3171d8cc1153
jadx-lib/stringtemplate-3.2.1.jar	/Users/lordcasser/workspace/testzone/jadx/jadx-cli/build/install/jadx/lib/stringtemplate-3.2.1.jar	f66ce72e965e5301cb0f020e54d2ba6ad76feb91b3cbfc30dbbf00c06a6df6d7
jadx-lib/windows-jni-utils-0.3.3.jar	/Users/lordcasser/workspace/testzone/jadx/jadx-cli/build/install/jadx/lib/windows-jni-utils-0.3.3.jar	ab68efcf162355e20007b238d8108b7ffec0c06b467ee44cbb44ec3f8ac3a7e6
