path	sha256
Boundaries.jar	8cd9486fdbca45d9d55c7d035bba82a25bef6b83632ce0b51076226e8f63ec73
baseline-class-source.stderr	0357e8a21d3736b521dfed4a26c01a82ccff9edcfd349eb478b17442a5f7b122
baseline-class-source.stdout	ac457b89337fe3328e0ed8560b189d01c8e04e7316d864cbc8551f4ac734b91d
baseline-compile.stderr	e3b0c44298fc1c149afbf4c8996fb92427ae41e4649b934ca495991b7852b855
baseline-compile.stdout	e3b0c44298fc1c149afbf4c8996fb92427ae41e4649b934ca495991b7852b855
classes/Boundaries$GenericContext.class	dbb8da9b406a09be49f3f15a947e1b55d1984ce2e9ccb1726e53058bae33a5ca
classes/Boundaries$Left$Item.class	797a8e99d5b21ff37970ed2dcff776530b9090d4cc44d87806ae6e4e15f8c7c4
classes/Boundaries$Left.class	1aa37796d72d2d3bd53080d497969980e50592f6d558bdd6228c1b76c6dd493f
classes/Boundaries$Mark.class	6d0fa1b8bbe1e6ccf679d29ddff42dde96816d02cd1ab565e69ad75080f001f5
classes/Boundaries$Outer$Inner.class	740282c85fd62bd36764240f3bd9d51c2b61a341ab4cca023413decaf65232b6
classes/Boundaries$Outer.class	3d30852d706d2b7810631a5c95c47eeb0b2d44741c349b3c5890c0153d1b427f
classes/Boundaries$Right$Item.class	39a08d7656c36352a05ef530ee2fca5e7274200b8ad2ec76b1045d1bcb6ac359
classes/Boundaries$Right.class	deef854f5869eb61cc202e7d2b9dea1a96bbab85cfee2ec958194ba7fc339b4f
classes/Boundaries.class	e2a81a2b55391666d3df5265411cb93826efc5840e703f510e2812f0d683ce62
jar-create.stderr	e3b0c44298fc1c149afbf4c8996fb92427ae41e4649b934ca495991b7852b855
jar-create.stdout	e3b0c44298fc1c149afbf4c8996fb92427ae41e4649b934ca495991b7852b855
javac-version.stderr	b78c3d234842235ae1b53dd6405da54b3af2b02047c45858b595870662803db8
javac-version.stdout	e3b0c44298fc1c149afbf4c8996fb92427ae41e4649b934ca495991b7852b855
manifest.json	efe71a880e2cd13c3cb6ff8d57c2a78ace79c273e7923d030ce1309e441807f2
